sweep,family,N,alpha,t,j_star,w_small,model,n_repeats,wall_med_ms,wall_mean_ms,wall_cv,run_sample_med_ms,run_sample_mean_ms,run_sample_cv,run_count_med_ms,run_build_med_ms,phase3_fill_residual_med_ms,samples_per_sec_by_sample_med,ns_per_sample_by_sample_med
A_alpha_F0,F0,1000000,0.1,10000000,50000000,512,ours/enum_sampling,3,6294.44,6374.466666666666,0.10684946559552023,33.658415,34.729817,0.05271747649876103,4061.845231,2389.164605,nan,297102522.504402,3.3658415
A_alpha_F0,F0,1000000,0.1,10000000,50000000,512,ours/sampling,3,10299.4,9444.71,0.12835242607736705,2887.432108,3245.9186026666666,0.1689980479078702,3415.411628,2355.778726,nan,3463284.8932772204,288.7432108
A_alpha_F0,F0,1000000,0.1,10000000,50000000,512,ours/adaptive,3,7652.05,7725.953333333333,0.16896979099883164,1221.083432,1225.1496816666665,0.01938905256563528,3396.656444,2501.431067,nan,8189448.597808836,122.1083432
A_alpha_F0,F0,1000000,0.1,10000000,50000000,512,range_tree/enum_sampling,3,30410.6,30779.466666666667,0.0182451189678571,36.783439,37.32085766666667,0.024780631644676445,30373.803659,0.00084,nan,271861475.4862915,3.6783439
A_alpha_F0,F0,1000000,0.1,10000000,50000000,512,range_tree/sampling,3,53319.0,53593.8,0.01423276198437515,22987.6922,22956.637318333334,0.01021072890123377,29222.973979,1108.348803,nan,435015.3948903144,2298.76922
A_alpha_F0,F0,1000000,0.1,10000000,50000000,512,range_tree/adaptive,3,31482.9,31560.36666666667,0.004424166726808149,1157.515592,1160.146035,0.004509197553863274,29165.257316,1119.392129,nan,8639192.481823606,115.7515592
A_alpha_F0,F0,1000000,0.1,10000000,50000000,512,kd_tree/sampling,3,2050.63,2053.3033333333333,0.010439228153189702,1324.562817,1322.0641823333333,0.0107665644624833,531.116827,197.119608,nan,7549660.81763414,132.4562817
A_alpha_F0,F0,1000000,0.3,10000000,50000000,512,ours/enum_sampling,3,6331.7,5893.123333333333,0.1115873960593775,35.980791,36.06448133333333,0.01938552352200316,3485.212782,2334.461696,nan,277926074.4990292,3.5980791
A_alpha_F0,F0,1000000,0.3,10000000,50000000,512,ours/sampling,3,9593.4,9118.913333333334,0.07394854390207709,3200.852448,3210.257854666667,0.004407844451648592,3515.499229,2371.141719,nan,3124167.752952291,320.0852448
A_alpha_F0,F0,1000000,0.3,10000000,50000000,512,ours/adaptive,3,7598.1,7165.093333333333,0.08752362785015405,1261.514204,1281.8769896666668,0.02564501254565069,3471.356935,2368.633971,nan,7926981.692550169,126.1514204
A_alpha_F0,F0,1000000,0.3,10000000,50000000,512,range_tree/enum_sampling,3,30723.8,31127.366666666665,0.01891064090840358,41.60881,41.561626333333336,0.011844803094474447,30682.886809,0.0006,nan,240333717.78717056,4.160881
A_alpha_F0,F0,1000000,0.3,10000000,50000000,512,range_tree/sampling,3,54844.7,55249.26666666666,0.013605394773603383,24592.733784,24967.636033666666,0.024115702881090644,29121.863398,1130.125851,nan,406624.1715065442,2459.2733784
A_alpha_F0,F0,1000000,0.3,10000000,50000000,512,range_tree/adaptive,3,32567.7,32666.433333333334,0.00437436953662308,1185.604438,1182.1274876666666,0.00514700235684286,30273.346519,1120.784955,nan,8434516.335708926,118.5604438
A_alpha_F0,F0,1000000,0.3,10000000,50000000,512,kd_tree/sampling,3,2389.72,2393.9366666666665,0.004870397629217598,1622.160859,1621.723498,0.0042526752466871985,573.797791,197.336515,nan,6164616.74840596,162.2160859
A_alpha_F0,F0,1000000,1.0,10000000,50000000,512,ours/enum_sampling,3,6640.02,6231.786666666667,0.09808865336958524,49.233102,49.85989133333334,0.018514128217207892,3765.195538,2357.76448,nan,203115375.5048788,4.9233102
A_alpha_F0,F0,1000000,1.0,10000000,50000000,512,ours/sampling,3,10466.6,10017.966666666667,0.06401134755546581,3945.106842,3936.9976543333332,0.007045114402178918,3685.013615,2357.708777,nan,2534785.596562051,394.5106842
A_alpha_F0,F0,1000000,1.0,10000000,50000000,512,ours/adaptive,3,8091.53,7620.213333333333,0.08778506801964195,1345.488545,1338.5782159999999,0.011848615541103846,3861.102269,2381.091122,nan,7432244.620113061,134.5488545
A_alpha_F0,F0,1000000,1.0,10000000,50000000,512,range_tree/enum_sampling,3,31677.9,32033.56666666667,0.016444703116393213,56.887807,57.46063066666667,0.07820972640392639,31621.028737,0.00066,nan,175784592.9972305,5.6887807
A_alpha_F0,F0,1000000,1.0,10000000,50000000,512,range_tree/sampling,3,59540.4,59719.0,0.012357480638536299,28817.962558,29184.772830666665,0.02390759436832432,29351.720167,1118.21234,nan,347005.79473214544,2881.7962558
A_alpha_F0,F0,1000000,1.0,10000000,50000000,512,range_tree/adaptive,3,34050.5,34116.26666666667,0.003843348907481305,1255.808561,1254.1909206666667,0.006000084385348975,31647.201431,1139.416094,nan,7962997.156220214,125.5808561
A_alpha_F0,F0,1000000,1.0,10000000,50000000,512,kd_tree/sampling,3,2992.85,2991.8866666666668,0.0023892273287685513,2154.240959,2152.4394813333333,0.0012020885624032288,642.989734,195.559893,nan,4642006.252003493,215.4240959
A_alpha_F0,F0,1000000,3.0,10000000,50000000,512,ours/enum_sampling,3,7253.66,6789.6466666666665,0.09700664058842265,126.412501,129.128801,0.042909977759626794,4266.070282,2369.753658,nan,79106100.43226658,12.6412501
A_alpha_F0,F0,1000000,3.0,10000000,50000000,512,ours/sampling,3,11527.4,11064.166666666666,0.059734965698429544,4648.658469,4652.122851,0.006636248730171771,3994.122106,2388.457321,nan,2151158.2463383586,464.8658469
A_alpha_F0,F0,1000000,3.0,10000000,50000000,512,ours/adaptive,3,8457.51,8037.536666666667,0.07888438201453311,1329.431806,1328.2060293333334,0.005923380969085528,4294.088002,2386.727197,nan,7522010.497167238,132.9431806
A_alpha_F0,F0,1000000,3.0,10000000,50000000,512,range_tree/enum_sampling,3,32899.7,33321.3,0.01968978404961365,126.481217,133.653901,0.08370281690710916,32774.71594,0.00103,nan,79063122.86669411,12.6481217
A_alpha_F0,F0,1000000,3.0,10000000,50000000,512,range_tree/sampling,3,62852.2,62967.0,0.0029345443506093695,32260.710185,32285.557408,0.0016688657615022764,29476.637562,1123.914032,nan,309974.57720721903,3226.0710185
A_alpha_F0,F0,1000000,3.0,10000000,50000000,512,range_tree/adaptive,3,35945.8,36033.066666666666,0.003962581697181489,1245.300247,1247.9232926666666,0.0063996587025898135,33582.180332,1133.648045,nan,8030191.9349093335,124.5300247
A_alpha_F0,F0,1000000,3.0,10000000,50000000,512,kd_tree/sampling,3,3433.48,3428.2599999999998,0.0022866114552675156,2489.120684,2485.7589096666666,0.002776358437232742,747.374675,195.451491,nan,4017482.9867751,248.9120684
A_alpha_F0,F0,1000000,10.0,10000000,50000000,512,ours/enum_sampling,3,8064.49,7624.753333333333,0.08317413988124304,145.605876,146.95617533333333,0.03264683484936234,5025.988703,2409.93965,nan,68678547.01138572,14.5605876
A_alpha_F0,F0,1000000,10.0,10000000,50000000,512,ours/sampling,3,12230.4,11786.266666666666,0.05449506928261737,5043.223594,5054.102143,0.003330974412209487,4305.063317,2379.65025,nan,1982858.7437402443,504.3223594
A_alpha_F0,F0,1000000,10.0,10000000,50000000,512,ours/adaptive,3,9000.69,8590.78,0.07388418251693989,1323.313214,1325.9805563333334,0.018505196806651723,4776.117222,2418.232302,nan,7556789.952828204,132.3313214
A_alpha_F0,F0,1000000,10.0,10000000,50000000,512,range_tree/enum_sampling,3,35714.9,35737.2,0.004116797860571312,146.407651,146.87848033333333,0.005466639374096793,35568.492776,0.00054,nan,68302441.37992488,14.6407651
A_alpha_F0,F0,1000000,10.0,10000000,50000000,512,range_tree/sampling,3,65035.5,65682.9,0.01652913972808413,34136.130016,34581.425353,0.021839461276401094,29794.236267,1127.321316,nan,292944.74784672086,3413.6130016
A_alpha_F0,F0,1000000,10.0,10000000,50000000,512,range_tree/adaptive,3,38622.1,38695.26666666666,0.0029073452247645815,1235.099653,1235.5069743333333,0.009073791978320441,36239.672847,1136.279567,nan,8096512.678722289,123.5099653
A_alpha_F0,F0,1000000,10.0,10000000,50000000,512,kd_tree/sampling,3,4134.53,4139.92,0.0028144133853214744,2956.370009,2960.6957803333335,0.0024431250329274914,982.310212,195.936617,nan,3382526.5340797193,295.6370009
A_alpha_F0,F0,1000000,30.0,10000000,50000000,512,ours/enum_sampling,3,8916.83,8545.55,0.0634958561653893,149.33887,149.368534,0.0050427359291813035,5906.221941,2373.581018,nan,66961803.04565048,14.933887
A_alpha_F0,F0,1000000,30.0,10000000,50000000,512,ours/sampling,3,12636.5,12195.233333333334,0.054622000186594126,5242.598901,5246.590235,0.0013838045896347702,4521.142971,2389.035185,nan,1907450.9015161446,524.2598901
A_alpha_F0,F0,1000000,30.0,10000000,50000000,512,ours/adaptive,3,12574.4,12230.2,0.04676510939051155,4697.54923,4675.247767666667,0.007610149352732291,5075.351048,2417.60904,3365.147319,2128769.6009946875,469.754923
A_alpha_F0,F0,1000000,30.0,10000000,50000000,512,range_tree/enum_sampling,3,41431.4,42222.3,0.02946843188596733,152.204316,152.914542,0.006901291134604832,41279.308459,0.00108,nan,65701159.223369196,15.2204316
A_alpha_F0,F0,1000000,30.0,10000000,50000000,512,range_tree/sampling,3,65346.9,65824.8,0.012206986189023224,34482.244951,34512.799385666665,0.003982285766802402,29752.975171,1111.676371,nan,290004.32002644293,3448.2244951
A_alpha_F0,F0,1000000,30.0,10000000,50000000,512,range_tree/adaptive,3,64650.1,64967.76666666666,0.009106057021321183,24205.762441,24160.092760333333,0.0054366570425703215,39351.966502,1123.803826,22982.871815,413124.7683015299,2420.5762441
A_alpha_F0,F0,1000000,30.0,10000000,50000000,512,kd_tree/sampling,3,5466.46,5485.62,0.009007858803682035,3845.306961,3853.2459836666667,0.006770544684129907,1443.999143,196.445463,nan,2600572.620449377,384.5306961
A_alpha_F0,F0,1000000,100.0,10000000,50000000,512,ours/enum_sampling,3,11004.2,10893.066666666668,0.016488158829492804,154.253056,154.580087,0.05353399447207251,8003.54297,1590.275915,nan,64828537.33542887,15.4253056
A_alpha_F0,F0,1000000,100.0,10000000,50000000,512,ours/sampling,3,13153.4,12715.7,0.050233937442297844,5505.091146,5503.552051,0.0039194017356785175,4792.771312,1584.408787,nan,1816500.3511823781,550.5091146
A_alpha_F0,F0,1000000,100.0,10000000,50000000,512,ours/adaptive,3,13615.1,13210.566666666668,0.04330597928668184,5715.721411,5718.089429000001,0.0006393356644937166,5014.631609,1609.407905,4313.479785,1749560.4283222822,571.5721411
A_alpha_F0,F0,1000000,100.0,10000000,50000000,512,range_tree/enum_sampling,3,58833.6,58459.23333333333,0.02267055882409008,169.372995,425.58584733333333,0.8699726513196427,58675.412516,0.00059,nan,59041289.31533625,16.9372995
A_alpha_F0,F0,1000000,100.0,10000000,50000000,512,range_tree/sampling,3,66890.5,67084.66666666667,0.011427844685442458,35482.371177,35402.21608466667,0.0046306067514007634,30300.895856,1113.900216,nan,281830.09388284886,3548.2371177
A_alpha_F0,F0,1000000,100.0,10000000,50000000,512,range_tree/adaptive,3,69968.9,70068.83333333333,0.0025650876150796085,32202.467876,32190.885311666665,0.0014112210982164788,36583.576392,1143.867063,30917.877514,310535.20613719313,3220.2467876
A_alpha_F0,F0,1000000,100.0,10000000,50000000,512,kd_tree/sampling,3,8599.43,8574.386666666667,0.04217388458466925,6021.889986,5922.180766,0.03542463626390315,2294.054329,195.118109,nan,1660608.2182252607,602.1889986
A_alpha_F0,F0,1000000,300.0,10000000,50000000,512,ours/enum_sampling,3,15478.9,16662.066666666666,0.10313357523477713,167.131279,167.05857233333333,0.006577578845917342,12400.293682,1568.949531,nan,59833204.53139116,16.7131279
A_alpha_F0,F0,1000000,300.0,10000000,50000000,512,ours/sampling,3,13461.3,14147.966666666665,0.13813464582466395,5700.935952,5801.220512666667,0.028134164192943085,4952.132223,1577.528734,nan,1754097.938337968,570.0935952
A_alpha_F0,F0,1000000,300.0,10000000,50000000,512,ours/adaptive,3,13972.5,13653.333333333334,0.03446185375544423,6100.537129,6121.805095333333,0.006321168932716527,5004.257657,1597.035402,4656.602173,1639199.9242924368,610.0537129
A_alpha_F0,F0,1000000,300.0,10000000,50000000,512,range_tree/enum_sampling,3,92156.2,94596.43333333333,0.0380975563079105,169.030342,169.834809,0.00799632092697889,91987.188307,0.00091,nan,59160975.96252867,16.9030342
A_alpha_F0,F0,1000000,300.0,10000000,50000000,512,range_tree/sampling,3,67954.0,68256.13333333333,0.009511030772701698,36109.77458,36621.05194433333,0.020075239118121858,30431.570766,1128.303901,nan,276933.3266771116,3610.977458
A_alpha_F0,F0,1000000,300.0,10000000,50000000,512,range_tree/adaptive,3,71114.0,71760.63333333333,0.01592332765915848,34625.435939,35230.74093966667,0.025041614763062155,35313.826263,1186.603311,33342.603462,288805.0281191291,3462.5435939
A_alpha_F0,F0,1000000,300.0,10000000,50000000,512,kd_tree/sampling,3,12258.1,12290.2,0.006254687833613614,8357.70712,8378.675844333333,0.00449588481969501,3689.434028,199.441308,nan,1196500.410509719,835.7707119999999
A_alpha_F0,F0,1000000,1000.0,10000000,50000000,512,ours/enum_sampling,3,28794.9,30940.666666666668,0.09822344686263484,232.574701,235.156886,0.019107808338146917,25657.279698,1603.318839,nan,42996938.00315796,23.2574701
A_alpha_F0,F0,1000000,1000.0,10000000,50000000,512,ours/sampling,3,13906.4,13474.8,0.04601828305726886,5905.063777,5910.345376666667,0.0017895051354155642,5128.874671,1617.95831,nan,1693461.81136089,590.5063777
A_alpha_F0,F0,1000000,1000.0,10000000,50000000,512,ours/adaptive,3,42933.7,42858.2,0.03710105863151518,1196.191648,1210.0200666666667,0.029298345478968972,38611.659958,1513.356265,nan,8359864.4219926875,119.6191648
A_alpha_F0,F0,1000000,1000.0,10000000,50000000,512,range_tree/enum_sampling,3,192642.0,197186.66666666666,0.03527369552764755,300.661649,1856.4370756666667,1.193208313645772,192361.97998,0.000469,nan,33259978.56148258,30.0661649
A_alpha_F0,F0,1000000,1000.0,10000000,50000000,512,range_tree/sampling,3,66937.7,67091.03333333333,0.003488123966926296,35864.286577,35848.721965666664,0.001319076337872367,29955.577705,1117.82622,nan,278828.91183490225,3586.4286577
A_alpha_F0,F0,1000000,1000.0,10000000,50000000,512,range_tree/adaptive,3,93213.1,93748.5,0.009060004616578198,1111.040233,1119.4349693333334,0.013745648124572608,90922.429567,1145.544491,nan,9000574.149325158,111.1040233
A_alpha_F0,F0,1000000,1000.0,10000000,50000000,512,kd_tree/sampling,3,20699.4,20611.86666666667,0.006036705348410735,13680.084623,13689.127096,0.0017773310525339271,6779.576655,196.408581,nan,730989.6302240147,1368.0084623
A_alpha_F1,F1,1000000,0.1,10000000,50000000,512,ours/enum_sampling,3,6244.66,5796.533333333334,0.11177330032718086,37.827451,37.468209333333334,0.028177901447249663,3363.458165,2353.555997,nan,264358283.08917773,3.7827451
A_alpha_F1,F1,1000000,0.1,10000000,50000000,512,ours/sampling,3,9009.4,8585.626666666667,0.07158143457668081,2759.93628,2798.096387,0.024278539394494807,3405.500494,2363.676296,nan,3623272.0561215277,275.993628
A_alpha_F1,F1,1000000,0.1,10000000,50000000,512,ours/adaptive,3,7306.17,6952.24,0.07956452676921834,1237.919721,1234.008181,0.021152694384507436,3266.992932,2348.856481,nan,8078068.254637653,123.7919721
A_alpha_F1,F1,1000000,0.1,10000000,50000000,512,range_tree/enum_sampling,3,33654.6,34131.0,0.0202952406933722,37.576094,37.47109866666666,0.030592482764089605,33617.020676,0.00056,nan,266126649.56607786,3.7576094
A_alpha_F1,F1,1000000,0.1,10000000,50000000,512,range_tree/sampling,3,59496.7,59598.53333333333,0.0029376150935028172,25836.334998,25841.915290333334,0.0007457729504560521,32470.406442,1204.69632,nan,387051.8013013109,2583.6334998
A_alpha_F1,F1,1000000,0.1,10000000,50000000,512,range_tree/adaptive,3,35183.9,35230.7,0.004414099680958728,1180.93005,1185.3371,0.007761043757591049,32764.386656,1227.511632,nan,8467902.057365717,118.093005
A_alpha_F1,F1,1000000,0.1,10000000,50000000,512,kd_tree/sampling,3,2081.8,2086.0,0.005039298799503505,1327.737356,1328.2014603333334,0.004969798614634135,561.306479,194.07914,nan,7531610.03929756,132.7737356
A_alpha_F1,F1,1000000,0.3,10000000,50000000,512,ours/enum_sampling,3,6413.16,5927.126666666666,0.11667342048400417,35.603461,35.600964000000005,0.003920388843246867,3517.447091,2359.739302,nan,280871570.3228964,3.5603461
A_alpha_F1,F1,1000000,0.3,10000000,50000000,512,ours/sampling,3,9638.6,9175.383333333333,0.07548611894299154,3218.209221,3217.652137666667,0.0017682541180778393,3546.385264,2376.736949,nan,3107318.17395411,321.8209221
A_alpha_F1,F1,1000000,0.3,10000000,50000000,512,ours/adaptive,3,7620.81,7143.816666666667,0.09581228227394659,1257.203701,1261.009846,0.0057406364789004734,3474.484642,2378.993711,nan,7954160.484928449,125.7203701
A_alpha_F1,F1,1000000,0.3,10000000,50000000,512,range_tree/enum_sampling,3,35205.4,35377.0,0.012010109348453493,40.403283,40.55025233333333,0.013445064769222591,35165.420163,0.00079,nan,247504639.6600989,4.0403283
A_alpha_F1,F1,1000000,0.3,10000000,50000000,512,range_tree/sampling,3,62624.8,62970.566666666666,0.0080670168344844,28235.336916,28231.063054,0.0015220665952587285,33240.504193,1207.831149,nan,354166.1298305012,2823.5336916
A_alpha_F1,F1,1000000,0.3,10000000,50000000,512,range_tree/adaptive,3,36586.3,36924.66666666667,0.01473646718527438,1188.026684,1183.9774156666667,0.008062128711072999,34139.001183,1254.321315,nan,8417319.3537461,118.8026684
A_alpha_F1,F1,1000000,0.3,10000000,50000000,512,kd_tree/sampling,3,2480.73,2483.12,0.00537179759278324,1652.891363,1654.7190886666667,0.004825150816078668,633.613403,195.677159,nan,6050004.388582434,165.2891363
A_alpha_F1,F1,1000000,1.0,10000000,50000000,512,ours/enum_sampling,3,6730.22,6244.82,0.11036988419381895,53.202478,54.56952166666667,0.10383659935940105,3782.077688,2389.210637,nan,187961169.77859566,5.3202478
A_alpha_F1,F1,1000000,1.0,10000000,50000000,512,ours/sampling,3,10540.6,10082.413333333334,0.06645369731990539,3942.891323,3942.875125,0.0048625767160049155,3716.864871,2376.650747,nan,2536209.8979667975,394.2891323
A_alpha_F1,F1,1000000,1.0,10000000,50000000,512,ours/adaptive,3,8070.02,7591.126666666667,0.08944250227147799,1308.395883,1305.4304586666667,0.009821176428226205,3864.189664,2383.08394,nan,7642946.702852014,130.8395883
A_alpha_F1,F1,1000000,1.0,10000000,50000000,512,range_tree/enum_sampling,3,36821.4,37154.833333333336,0.013966285186532208,56.289782,56.72805266666667,0.012634146496834947,36763.676529,0.00071,nan,177652135.8707696,5.6289782
A_alpha_F1,F1,1000000,1.0,10000000,50000000,512,range_tree/sampling,3,68568.6,68634.33333333333,0.001891961492954093,33146.947882,33147.733774,0.00026975453758801255,34214.92687,1217.121182,nan,301686.9014788045,3314.6947882
A_alpha_F1,F1,1000000,1.0,10000000,50000000,512,range_tree/adaptive,3,39472.1,39687.3,0.01362294475892773,1267.121699,1266.729683,0.015635063516665878,36688.563804,1238.321992,nan,7891901.786459739,126.7121699
A_alpha_F1,F1,1000000,1.0,10000000,50000000,512,kd_tree/sampling,3,3276.97,3272.063333333333,0.003021877546815066,2294.853017,2291.984022,0.002357719073971439,786.94659,195.164096,nan,4357577.555477925,229.4853017
A_alpha_F1,F1,1000000,3.0,10000000,50000000,512,ours/enum_sampling,3,7146.02,6693.803333333333,0.09899269145917874,123.621101,120.182881,0.04190534419024743,4167.510281,2379.010324,nan,80892338.92197742,12.3621101
A_alpha_F1,F1,1000000,3.0,10000000,50000000,512,ours/sampling,3,11286.8,11856.126666666667,0.15261324345554514,4592.788742,5041.795024666667,0.14009726038771458,3937.843488,2380.119524,nan,2177326.361335172,459.2788742
A_alpha_F1,F1,1000000,3.0,10000000,50000000,512,ours/adaptive,3,8475.97,8036.74,0.07855928057856007,1326.152233,1334.940888,0.018327684629295043,4242.544926,2402.332466,nan,7540612.420776281,132.6152233
A_alpha_F1,F1,1000000,3.0,10000000,50000000,512,range_tree/enum_sampling,3,38532.5,38988.433333333334,0.018329037712667404,126.687604,127.00719633333334,0.016485755100399593,38402.828456,0.00063,nan,78934320.99323624,12.6687604
A_alpha_F1,F1,1000000,3.0,10000000,50000000,512,range_tree/sampling,3,73900.1,74571.03333333334,0.013461722255542872,37568.282964,38129.90045,0.022900492545505004,35121.057738,1243.677996,nan,266181.98147577175,3756.8282964
A_alpha_F1,F1,1000000,3.0,10000000,50000000,512,range_tree/adaptive,3,42720.8,43066.433333333334,0.011479845731237406,1250.383298,1250.378849,0.009689528958747431,40231.121939,1260.776504,nan,7997547.644786279,125.0383298
A_alpha_F1,F1,1000000,3.0,10000000,50000000,512,kd_tree/sampling,3,4266.1,4267.31,0.000581902086622077,2987.380112,2986.098201,0.0009806046655010303,1083.919498,198.502469,nan,3347414.666058405,298.7380112
A_alpha_F1,F1,1000000,10.0,10000000,50000000,512,ours/enum_sampling,3,7842.77,7499.993333333334,0.10010891794674416,149.837581,157.78883066666666,0.09220713658575481,4850.002555,2375.878003,nan,66738931.13637493,14.9837581
A_alpha_F1,F1,1000000,10.0,10000000,50000000,512,ours/sampling,3,11877.7,11451.366666666667,0.05409616365949186,4832.691979,4856.112977,0.010415582981819898,4162.165789,2396.789894,nan,2069240.092986278,483.2691979
A_alpha_F1,F1,1000000,10.0,10000000,50000000,512,ours/adaptive,3,8902.53,8454.960000000001,0.07922053021806523,1318.034939,1311.1142956666667,0.012690819252903256,4671.171586,2438.068397,nan,7587052.288300531,131.8034939
A_alpha_F1,F1,1000000,10.0,10000000,50000000,512,range_tree/enum_sampling,3,42660.3,43264.3,0.020889611072317522,145.109488,145.583268,0.0077960558371318565,42515.773212,0.00053,nan,68913481.38448396,14.5109488
A_alpha_F1,F1,1000000,10.0,10000000,50000000,512,range_tree/sampling,3,78974.1,79067.83333333333,0.011356089401202092,40950.78851,41382.37153066666,0.023824589455361637,36219.36099,1252.874541,nan,244195.542109233,4095.078851
A_alpha_F1,F1,1000000,10.0,10000000,50000000,512,range_tree/adaptive,3,46385.7,46508.03333333333,0.006588170982837595,1254.673965,1254.5149616666667,0.0015390654460657404,43857.204594,1273.241121,nan,7970198.058584886,125.4673965
A_alpha_F1,F1,1000000,10.0,10000000,50000000,512,kd_tree/sampling,3,6323.26,6420.97,0.022204597095894344,4281.389648,4295.3358296666665,0.00564262544312349,1836.014564,210.807458,nan,2335690.2366201077,428.13896480000005
A_alpha_F1,F1,1000000,30.0,10000000,50000000,512,ours/enum_sampling,3,8850.18,8485.116666666667,0.06500103103725009,149.131847,149.55503966666666,0.004793345623674135,5867.090048,1600.179291,nan,67054758.59894634,14.9131847
A_alpha_F1,F1,1000000,30.0,10000000,50000000,512,ours/sampling,3,12346.9,11931.166666666666,0.05315183775929483,5120.689586,5119.400733333334,0.004841990476573448,4420.25901,1586.033729,nan,1952861.9792420277,512.0689586
A_alpha_F1,F1,1000000,30.0,10000000,50000000,512,ours/adaptive,3,18250.0,17874.5,0.03822966705272279,4557.867462,4589.774343,0.014786450018410177,10843.364333,1608.530878,3190.018293,2194008.510201826,455.7867462
A_alpha_F1,F1,1000000,30.0,10000000,50000000,512,range_tree/enum_sampling,3,51001.0,51108.76666666667,0.003631181471406757,155.942585,156.872131,0.008731332152960621,50842.199292,0.00043,nan,64126165.40889071,15.5942585
A_alpha_F1,F1,1000000,30.0,10000000,50000000,512,range_tree/sampling,3,80141.8,80414.73333333334,0.0054107304995514175,41955.105704,42020.95089466667,0.004532263568576107,36979.982983,1334.141601,nan,238350.0132391896,4195.5105704
A_alpha_F1,F1,1000000,30.0,10000000,50000000,512,range_tree/adaptive,3,88313.1,89693.83333333333,0.02403090810661143,30435.566012,30624.083345333333,0.00897356275806447,56604.796855,1286.25264,29185.809125,328562.97123100143,3043.5566012
A_alpha_F1,F1,1000000,30.0,10000000,50000000,512,kd_tree/sampling,3,10449.4,10434.333333333334,0.0027840887419853253,6837.201029,6832.223308333333,0.0012361535648455066,3413.571192,196.69069,nan,1462586.8038083103,683.7201029
A_alpha_F1,F1,1000000,100.0,10000000,50000000,512,ours/enum_sampling,3,10923.3,10811.0,0.02004503023957081,159.536469,159.14719333333332,0.004843325008915554,7923.672918,1592.308925,nan,62681592.883944295,15.9536469
A_alpha_F1,F1,1000000,100.0,10000000,50000000,512,ours/sampling,3,13845.2,13613.766666666666,0.026712881977489025,5504.732222,6205.130575333334,0.16554671085110342,4750.635249,1635.38586,nan,1816618.7921066147,550.4732222
A_alpha_F1,F1,1000000,100.0,10000000,50000000,512,ours/adaptive,3,19332.9,19358.733333333334,0.006219321269586164,5663.667417,5667.681072666666,0.006719626280834508,10688.292022,1611.487192,4204.414478,1765640.3993610418,566.3667417
A_alpha_F1,F1,1000000,100.0,10000000,50000000,512,range_tree/enum_sampling,3,68446.9,68978.3,0.015279486817139459,159.399853,161.48473833333333,0.020454691861408195,68280.779014,0.00049,nan,62735315.06958165,15.9399853
A_alpha_F1,F1,1000000,100.0,10000000,50000000,512,range_tree/sampling,3,82500.2,82737.86666666667,0.004137800831225706,43478.444147,43516.141469,0.0017486885189304685,37780.612219,1263.073532,nan,229999.03046645696,4347.8444147
A_alpha_F1,F1,1000000,100.0,10000000,50000000,512,range_tree/adaptive,3,95272.9,95796.33333333333,0.009877477198358122,40133.80232,40114.094642000004,0.002758728586299189,53855.180725,1293.886282,38822.118068,249166.52352714332,4013.380232
A_alpha_F1,F1,1000000,100.0,10000000,50000000,512,kd_tree/sampling,3,20163.3,20288.766666666666,0.01120311143582005,13065.346411,13200.257097,0.01716481883687989,6890.592653,198.524218,nan,765383.456773927,1306.5346411
A_alpha_F1,F1,1000000,300.0,10000000,50000000,512,ours/enum_sampling,3,15403.1,15959.966666666667,0.051305755127988135,168.276361,168.478857,0.00578063318972375,12335.18664,1583.094945,nan,59426053.31238414,16.8276361
A_alpha_F1,F1,1000000,300.0,10000000,50000000,512,ours/sampling,3,14480.0,14301.699999999999,0.040938307502342175,5729.166889,6208.879443,0.11675192157606441,5278.71805,1593.773677,nan,1745454.4777182175,572.9166889
A_alpha_F1,F1,1000000,300.0,10000000,50000000,512,ours/adaptive,3,20227.9,19869.033333333333,0.02783708031895419,6047.328923,6046.587219333333,0.0013888390894564232,11306.900332,1562.06486,4567.074644,1653622.6369243253,604.7328923
A_alpha_F1,F1,1000000,300.0,10000000,50000000,512,range_tree/enum_sampling,3,107644.0,109030.66666666667,0.022554227458537766,170.50077,171.48124566666667,0.024897961792879977,107467.236787,0.00074,nan,58650761.51855502,17.050077
A_alpha_F1,F1,1000000,300.0,10000000,50000000,512,range_tree/sampling,3,85688.1,85890.16666666667,0.005149955837117113,45145.840817,45178.99454933333,0.0024286702412305472,39136.425071,1277.753285,nan,221504.34722293238,4514.5840817
A_alpha_F1,F1,1000000,300.0,10000000,50000000,512,range_tree/adaptive,3,101451.0,100999.63333333333,0.015975076895335,43691.954357,43770.19172733333,0.010585910850753975,55506.472369,1310.703333,42196.908468,228875.09032650708,4369.1954357
A_alpha_F1,F1,1000000,300.0,10000000,50000000,512,kd_tree/sampling,3,39615.5,39639.13333333333,0.006665548911301453,25463.544589,25544.066340666668,0.004856463257832405,13700.065902,198.948995,nan,392718.3022398186,2546.3544589
A_alpha_F1,F1,1000000,1000.0,10000000,50000000,512,ours/enum_sampling,3,29059.7,30951.733333333334,0.08845297369628327,229.042081,228.955645,0.0008244681256099037,25911.275057,1604.691601,nan,43660099.29852148,22.9042081
A_alpha_F1,F1,1000000,1000.0,10000000,50000000,512,ours/sampling,3,14049.1,13611.466666666667,0.045807615852491594,5988.416076,5990.044045000001,0.002005292176390742,5159.905068,1597.240834,nan,1669890.64772526,598.8416076
A_alpha_F1,F1,1000000,1000.0,10000000,50000000,512,ours/adaptive,3,51030.8,51116.23333333334,0.018146692994973332,6602.126708,6942.538765666666,0.07288368928111273,40672.281455,1398.384903,5089.997617,1514663.44744379,660.2126708
A_alpha_F1,F1,1000000,1000.0,10000000,50000000,512,range_tree/enum_sampling,3,208583.0,212090.33333333334,0.026364827706582862,230.687797,234.248989,0.031932373264288307,208338.124032,0.00046,nan,43348630.18350295,23.0687797
A_alpha_F1,F1,1000000,1000.0,10000000,50000000,512,range_tree/sampling,3,85550.5,85628.0,0.0030827313117391722,45403.229368,45354.43991266667,0.0020909412634517576,38852.391713,1294.91061,nan,220248.65057391615,4540.3229368
A_alpha_F1,F1,1000000,1000.0,10000000,50000000,512,range_tree/adaptive,3,151174.0,151934.33333333334,0.009584567515768583,44308.303508,44462.75075033333,0.007120218195976084,105471.714116,1339.454636,42946.268241,225691.33115634794,4430.8303508
A_alpha_F1,F1,1000000,1000.0,10000000,50000000,512,kd_tree/sampling,3,85969.7,86134.46666666666,0.003819791070450799,56012.675282,56170.19306733333,0.005583628182695677,29761.848607,195.123211,nan,178531.01908905891,5601.2675282
B_N_F0,F0,100000,200.0,10000000,50000000,512,ours/enum_sampling,3,1054.07,1126.11,0.09118745187373958,151.185633,149.69845633333333,0.015441722218148077,733.611504,131.211297,nan,66143851.11580014,15.1185633
B_N_F0,F0,100000,200.0,10000000,50000000,512,ours/sampling,3,1301.24,1297.2733333333333,0.011849023534715444,842.744804,838.6766793333334,0.0076292959268105445,299.945377,131.931725,nan,11865988.318807837,84.2744804
B_N_F0,F0,100000,200.0,10000000,50000000,512,ours/adaptive,3,1713.03,1737.8366666666666,0.02489665487623074,1117.029505,1120.8870626666667,0.00710940769701095,408.984898,134.740416,nan,8952315.006218212,111.7029505
B_N_F0,F0,100000,200.0,10000000,50000000,512,range_tree/enum_sampling,3,3608.78,3708.2766666666666,0.03938929454321145,144.695907,145.59523099999998,0.011929034833288742,3460.752047,0.00053,nan,69110455.21142487,14.4695907
B_N_F0,F0,100000,200.0,10000000,50000000,512,range_tree/sampling,3,4284.82,4294.5599999999995,0.0036421952627687672,3087.522226,3092.378153333333,0.0023880663091151153,1103.785266,93.56705,nan,3238843.0812870204,308.7522226
B_N_F0,F0,100000,200.0,10000000,50000000,512,range_tree/adaptive,3,4495.92,4552.72,0.01884287754481455,1063.264011,1062.2653023333332,0.004252840019812393,3334.344125,94.171344,nan,9405001.85894094,106.3264011
B_N_F0,F0,100000,200.0,10000000,50000000,512,kd_tree/sampling,3,1823.58,1819.03,0.004350457520928636,1594.879784,1589.6164853333332,0.004944217788397726,212.665961,16.721732,nan,6270065.05463361,159.4879784
B_N_F0,F0,200000,200.0,10000000,50000000,512,ours/enum_sampling,3,2242.11,2345.6600000000003,0.06710530424618591,150.698022,150.567758,0.0013422811209157775,1668.176392,252.199466,nan,66357871.63815594,15.0698022
B_N_F0,F0,200000,200.0,10000000,50000000,512,ours/sampling,3,2430.38,2384.4266666666667,0.02878983046302095,1283.084947,1284.1322223333334,0.001563842128341249,732.890141,249.908434,nan,7793716.248780837,128.3084947
B_N_F0,F0,200000,200.0,10000000,50000000,512,ours/adaptive,3,3186.93,3185.66,0.0008249756188523607,1887.880745,1884.2458,0.0028464824468562313,882.084977,253.070816,678.52184,5296944.7495477265,188.7880745
B_N_F0,F0,200000,200.0,10000000,50000000,512,range_tree/enum_sampling,3,8769.11,8942.376666666667,0.031074778957862422,151.009728,151.260682,0.012482557260094387,8615.420059,0.0006,nan,66220899.358218834,15.1009728
B_N_F0,F0,200000,200.0,10000000,50000000,512,range_tree/sampling,3,8877.74,8904.65,0.016874002524208703,5503.044203,5519.7713,0.006393199727090057,3107.338987,204.478637,nan,1817176.0267795906,550.3044203
B_N_F0,F0,200000,200.0,10000000,50000000,512,range_tree/adaptive,3,10575.0,11047.866666666667,0.06263522619697068,4082.486195,4289.092727666667,0.06894588901568803,6276.834898,209.860634,2972.778747,2449487.768567947,408.2486195
B_N_F0,F0,200000,200.0,10000000,50000000,512,kd_tree/sampling,3,2529.4,2533.2200000000003,0.00462414531936872,2064.121832,2068.7681786666667,0.0057901914353748335,429.634814,34.881619,nan,4844675.273024292,206.4121832
B_N_F0,F0,500000,200.0,10000000,50000000,512,ours/enum_sampling,3,6167.45,6243.256666666667,0.018690070567773377,149.951276,150.151519,0.00659530103385392,4699.603552,724.25714,nan,66688328.81422096,14.9951276
B_N_F0,F0,500000,200.0,10000000,50000000,512,ours/sampling,3,6433.75,6524.246666666667,0.09331477626592148,2906.627234,2910.5034183333332,0.0038410908467311836,2221.311506,724.38584,nan,3440413.6461070534,290.6627234
B_N_F0,F0,500000,200.0,10000000,50000000,512,ours/adaptive,3,7175.29,7016.166666666667,0.033186435247768674,3485.117804,3486.106695666667,0.00109827356732049,2390.810018,733.602173,2141.936278,2869343.466244563,348.5117804
B_N_F0,F0,500000,200.0,10000000,50000000,512,range_tree/enum_sampling,3,29797.0,29959.333333333332,0.022982896774246232,157.671219,163.394024,0.06951630633044807,29617.733278,0.00066,nan,63423115.920731224,15.7671219
B_N_F0,F0,500000,200.0,10000000,50000000,512,range_tree/sampling,3,26810.0,27018.566666666666,0.013474235905342002,15057.085611,15137.195727333334,0.008736200170523435,11221.868929,531.038723,nan,664139.1473987814,1505.7085611
B_N_F0,F0,500000,200.0,10000000,50000000,512,range_tree/adaptive,3,30383.8,30491.7,0.00926009930162405,13843.394721,14119.200314,0.028955883487528967,15718.73103,553.038947,12624.011464,722366.1682369217,1384.3394721
B_N_F0,F0,500000,200.0,10000000,50000000,512,kd_tree/sampling,3,4803.03,4808.316666666667,0.0035386816153192375,3471.32135,3473.871059666667,0.004891255444254721,1242.159819,94.015106,nan,2880747.4133732966,347.132135
B_N_F0,F0,1000000,200.0,10000000,50000000,512,ours/enum_sampling,3,13633.5,15147.6,0.16040940103211057,186.46931,522.1499966666667,0.9378353388023206,11966.283154,1584.982365,nan,53628127.86726137,18.646931
B_N_F0,F0,1000000,200.0,10000000,50000000,512,ours/sampling,3,13397.6,13849.566666666668,0.12326906163347028,5584.524979,5730.129857666667,0.03801654777344692,4898.036612,1643.425608,nan,1790662.5966584294,558.4524979
B_N_F0,F0,1000000,200.0,10000000,50000000,512,ours/adaptive,3,13909.5,13524.633333333333,0.04323685532108694,5983.941918,5988.5805316666665,0.0050138829611315215,5045.922893,1613.304202,4549.89817,1671139.215091559,598.3941918
B_N_F0,F0,1000000,200.0,10000000,50000000,512,range_tree/enum_sampling,3,74968.4,75882.83333333333,0.018452753984544077,161.075772,162.99150366666666,0.01853313097362957,74801.104714,0.00064,nan,62082583.096357904,16.1075772
B_N_F0,F0,1000000,200.0,10000000,50000000,512,range_tree/sampling,3,66683.3,66966.23333333334,0.011071941984591133,35751.363899,35958.38467233333,0.018488349477882568,29818.294183,1133.45598,nan,279709.60851313727,3575.1363899
B_N_F0,F0,1000000,200.0,10000000,50000000,512,range_tree/adaptive,3,69495.1,69696.13333333333,0.006248417595888502,33328.716125,33310.69779133333,0.002095969259362724,34979.008245,1142.522626,32020.510504,300041.56063182285,3332.8716125
B_N_F0,F0,1000000,200.0,10000000,50000000,512,kd_tree/sampling,3,10396.7,10387.933333333334,0.0013319554819672661,7118.343025,7116.211091,0.0008923236894767088,3076.900199,195.861782,nan,1404821.3137354392,711.8343025
B_N_F0,F0,2000000,200.0,10000000,50000000,512,ours/enum_sampling,3,29018.5,29204.4,0.009125908378620155,175.925867,181.679714,0.04592425627345007,22677.684496,3532.9319,nan,56842124.30227784,17.5925867
B_N_F0,F0,2000000,200.0,10000000,50000000,512,ours/sampling,3,27080.7,26175.333333333332,0.05028597586771988,10481.435833,10467.357376333333,0.0021780810572115503,10512.461035,3545.207397,nan,954067.7593537103,1048.1435833
B_N_F0,F0,2000000,200.0,10000000,50000000,512,ours/adaptive,3,29979.1,29815.033333333333,0.11613000361015655,11729.451126,12314.482269666667,0.1012705649960013,11584.178505,3600.458486,10064.060338,852554.8120349447,1172.9451126
B_N_F0,F0,2000000,200.0,10000000,50000000,512,range_tree/enum_sampling,3,192446.0,196385.33333333334,0.03251415088448,207.709555,1177.8105186666667,1.1651900172492218,192238.812056,0.0008,nan,48144150.13310293,20.7709555
B_N_F0,F0,2000000,200.0,10000000,50000000,512,range_tree/sampling,3,160714.0,161282.33333333334,0.005536019790504571,82157.99596,82280.567599,0.0031507735571509195,76110.36596,2445.793368,nan,121716.69821241341,8215.799596
B_N_F0,F0,2000000,200.0,10000000,50000000,512,range_tree/adaptive,3,170644.0,171212.33333333334,0.009099434759732352,82372.583106,82058.876246,0.006438922424926831,85869.972622,2509.925986,80886.857074,121399.61650992102,8237.2583106
B_N_F0,F0,2000000,200.0,10000000,50000000,512,kd_tree/sampling,3,23077.6,23047.7,0.0019586751869895597,14835.590108,14815.481563,0.0020718694496763153,7834.049746,404.804586,nan,674054.7512570843,1483.5590108
B_N_F0,F0,5000000,200.0,10000000,50000000,512,ours/enum_sampling,3,82208.0,82388.5,0.006591167400093231,226.582362,226.63607366666668,0.002342225291929362,65828.026166,10382.108402,nan,44134061.94432734,22.6582362
B_N_F0,F0,5000000,200.0,10000000,50000000,512,ours/sampling,3,79824.5,76613.0,0.10248928677070877,29109.641399,28067.440227,0.055031575665007076,33824.069729,10431.866985,nan,343528.7938773278,2910.9641399
B_N_F0,F0,5000000,200.0,10000000,50000000,512,ours/adaptive,3,74175.8,71963.90000000001,0.04482843261098835,27055.800237,27004.620951,0.003038769346496333,30424.000424,10569.614993,24831.059098,369606.5136644733,2705.5800237
B_N_F0,F0,5000000,200.0,10000000,50000000,512,range_tree/enum_sampling,3,630335.0,633769.6666666666,0.009342984832089346,231.483076,230.71701366666667,0.012670543772177006,630103.595646,0.000451,nan,43199702.42662578,23.1483076
B_N_F0,F0,5000000,200.0,10000000,50000000,512,range_tree/sampling,3,486648.0,487912.6666666667,0.003988717558878881,232642.399961,232765.421105,0.0010002003575112458,246525.976069,7479.575778,nan,42984.425890020015,23264.2399961
B_N_F0,F0,5000000,200.0,10000000,50000000,512,range_tree/adaptive,3,490723.0,491510.0,0.006026989380519709,227363.644245,228090.84219,0.0050895373304850645,255794.827916,7556.331292,225436.347638,43982.40551257311,22736.3644245
B_N_F0,F0,5000000,200.0,10000000,50000000,512,kd_tree/sampling,3,64063.5,64029.3,0.001112976101107105,38789.263901,38807.077172,0.0011663481499369667,24033.019087,1188.4528,nan,257803.29385787074,3878.9263901
C_t_F0,F0,1000000,200.0,1000000,50000000,512,ours/enum_sampling,3,13500.8,14814.199999999999,0.13934467411038723,27.542652,24.278761,0.20523426348757848,11952.877772,1588.638043,nan,36307324.363681465,27.542652
C_t_F0,F0,1000000,200.0,1000000,50000000,512,ours/sampling,3,11491.2,11072.800000000001,0.055707336095016345,3774.621354,3776.0404956666666,0.002977386584579015,4861.804749,1594.398785,nan,264927.23540078825,3774.621354
C_t_F0,F0,1000000,200.0,1000000,50000000,512,ours/adaptive,3,11808.2,11580.866666666667,0.05705964910431778,3891.511222,3887.4165270000003,0.0030869005734372188,5191.291321,1609.831656,3682.201154,256969.5788994952,3891.511222
C_t_F0,F0,1000000,200.0,1000000,50000000,512,range_tree/enum_sampling,3,75839.0,76527.16666666667,0.01312496688431186,17.651593,17.615839666666666,0.014901361108764105,75821.106132,0.00038,nan,56652110.6621935,17.651593
C_t_F0,F0,1000000,200.0,1000000,50000000,512,range_tree/sampling,3,57456.3,57523.76666666667,0.002408408630295454,26051.293836,26040.092483333334,0.0011499817906936737,30284.405163,1118.256621,nan,38385.80940721304,26051.293836
C_t_F0,F0,1000000,200.0,1000000,50000000,512,range_tree/adaptive,3,62872.3,63002.933333333334,0.003710948359044799,25586.963363,25571.793402333333,0.001313380524968926,36136.872772,1149.167693,25407.370997,39082.40246461012,25586.963363
C_t_F0,F0,1000000,200.0,1000000,50000000,512,kd_tree/sampling,3,7052.75,7045.243333333333,0.0031116113915986955,3756.420426,3756.3792553333333,0.0020024852246755902,3098.17923,196.647288,nan,266210.8833927419,3756.420426
C_t_F0,F0,1000000,200.0,3000000,50000000,512,ours/enum_sampling,3,13167.8,13293.433333333332,0.014165379578339125,49.726664,50.80193233333333,0.0973286123192453,10230.718395,1582.945959,nan,60329806.15791962,16.575554666666665
C_t_F0,F0,1000000,200.0,3000000,50000000,512,ours/sampling,3,12004.2,11574.733333333334,0.052796817292268435,4335.463342,4327.991814333333,0.0031898776664634333,4834.502139,1577.829918,nan,691967.562252773,1445.1544473333333
C_t_F0,F0,1000000,200.0,3000000,50000000,512,ours/adaptive,3,12360.3,11982.6,0.04539973330660204,4479.434565,4487.786065,0.003566904680937353,5008.059551,1608.022049,4005.394873,669727.3855589852,1493.144855
C_t_F0,F0,1000000,200.0,3000000,50000000,512,range_tree/enum_sampling,3,76561.1,77206.33333333334,0.01593805477382682,46.613441,46.55488166666667,0.0025324487401824475,76514.732196,0.00028,nan,64359119.07897981,15.537813666666667
C_t_F0,F0,1000000,200.0,3000000,50000000,512,range_tree/sampling,3,61882.2,62205.6,0.007996188876664692,30582.898008,30644.237633,0.003682363294558646,30183.134112,1116.174793,nan,98094.03932927638,10194.299336
C_t_F0,F0,1000000,200.0,3000000,50000000,512,range_tree/adaptive,3,65666.5,65807.73333333334,0.003460405063171161,29129.043084,29126.111393666666,0.0002724791338075399,35389.528598,1141.307366,28696.221046,102989.99494589782,9709.681028
C_t_F0,F0,1000000,200.0,3000000,50000000,512,kd_tree/sampling,3,9098.36,9093.826666666666,0.001399102998425444,5828.120546,5824.476907333334,0.0009443697131170281,3072.275723,194.213774,nan,514745.7016926293,1942.7068486666667
C_t_F0,F0,1000000,200.0,10000000,50000000,512,ours/enum_sampling,3,13500.1,14137.533333333333,0.07649354803059015,159.495764,315.78593,0.7036750553327547,11862.018091,1582.586362,nan,62697589.88708941,15.9495764
C_t_F0,F0,1000000,200.0,10000000,50000000,512,ours/sampling,3,13190.6,12767.466666666667,0.04754091065251125,5513.915715,5519.291486666667,0.0026023492242458544,4833.698858,1589.105649,nan,1813593.1916398543,551.3915715
C_t_F0,F0,1000000,200.0,10000000,50000000,512,ours/adaptive,3,13981.9,13583.233333333334,0.04221699828101317,6024.357553,6025.221605333333,0.001380617404426446,5059.490786,1612.656674,4573.488842,1659928.0358152408,602.4357553
C_t_F0,F0,1000000,200.0,10000000,50000000,512,range_tree/enum_sampling,3,75634.0,76339.43333333333,0.014981340045116122,163.243807,163.495289,0.009852724760888542,75472.327394,0.00064,nan,61258066.592382275,16.3243807
C_t_F0,F0,1000000,200.0,10000000,50000000,512,range_tree/sampling,3,67351.2,67487.4,0.00312078537025384,35911.966673,35908.557938666665,0.0004676704078758296,30308.342391,1132.069174,nan,278458.7124134971,3591.1966673
C_t_F0,F0,1000000,200.0,10000000,50000000,512,range_tree/adaptive,3,70786.2,71387.09999999999,0.013764900019662794,33942.238156,34000.110253,0.006030524327194544,35690.904164,1156.207547,32655.37974,294618.1673123489,3394.2238156
C_t_F0,F0,1000000,200.0,10000000,50000000,512,kd_tree/sampling,3,10359.7,10365.3,0.0034243316529542042,7097.771604,7104.336274333334,0.003851824842348057,3066.075569,196.200477,nan,1408892.8973657633,709.7771604
C_t_F0,F0,1000000,200.0,30000000,50000000,512,ours/enum_sampling,3,13591.8,13727.9,0.01771601134187102,479.112679,477.50711233333334,0.016568869487807197,10250.784995,1590.349728,nan,62615750.56334504,15.970422633333333
C_t_F0,F0,1000000,200.0,30000000,50000000,512,ours/sampling,3,15466.0,15030.4,0.0411269135488369,7795.849303,7796.4431700000005,0.0017588635471548245,4813.193812,1585.524364,nan,3848201.630636369,259.8616434333333
C_t_F0,F0,1000000,200.0,30000000,50000000,512,ours/adaptive,3,17217.8,16846.533333333333,0.032625467897927356,9357.469628,9357.744615333333,0.0012629637893135153,5002.867463,1606.292722,5105.111331,3205994.91023002,311.91565426666665
C_t_F0,F0,1000000,200.0,30000000,50000000,512,range_tree/enum_sampling,3,75858.3,76538.03333333333,0.013853161875159423,480.407583,486.7243226666667,0.027689350664492532,75352.791178,0.00077,nan,62446974.322634704,16.0135861
C_t_F0,F0,1000000,200.0,30000000,50000000,512,range_tree/sampling,3,74358.8,74348.7,0.002005965072057888,43174.092478,43212.130343666664,0.002043132743443024,29905.142124,1128.478948,nan,694861.1604352065,1439.1364159333334
C_t_F0,F0,1000000,200.0,30000000,50000000,512,range_tree/adaptive,3,77741.3,77882.16666666667,0.0049942992690956345,41006.051711,41048.20563133333,0.00246602143926362,35598.221877,1139.379331,37034.035317,731599.3310312391,1366.8683903666667
C_t_F0,F0,1000000,200.0,30000000,50000000,512,kd_tree/sampling,3,13333.1,13333.5,0.0007229017466052907,10089.480048,10089.673280666666,0.0010216780392481287,3047.710918,196.03147,nan,2973394.0557171516,336.3160016
C_t_F0,F0,1000000,200.0,100000000,50000000,512,ours/enum_sampling,3,14598.4,14764.3,0.01652227063412825,1556.303097,1558.424679,0.0019655950506225713,10191.07929,1593.202293,nan,64254835.830349825,15.56303097
C_t_F0,F0,1000000,200.0,100000000,50000000,512,ours/sampling,3,23052.7,22803.466666666667,0.030670890224798592,15468.205719,15453.416374999999,0.0030328285330168455,4806.559474,1585.416273,nan,6464873.936682094,154.68205719
C_t_F0,F0,1000000,200.0,100000000,50000000,512,ours/adaptive,3,28915.7,28578.1,0.020186101882883098,21038.875782,21082.12993833333,0.00315453180510823,5020.641966,1605.423376,6687.678241,4753105.680939279,210.38875782
C_t_F0,F0,1000000,200.0,100000000,50000000,512,range_tree/enum_sampling,3,76482.3,77363.36666666667,0.01621583095845384,1582.394801,1583.7513166666665,0.0016611333922370267,74894.844113,0.00081,nan,63195354.24206693,15.82394801
C_t_F0,F0,1000000,200.0,100000000,50000000,512,range_tree/sampling,3,96971.5,97055.93333333333,0.001560310904819294,65646.215962,65632.68125166667,0.0003560062557711941,30199.86502,1127.485382,nan,1523317.0493465464,656.46215962
C_t_F0,F0,1000000,200.0,100000000,50000000,512,range_tree/adaptive,3,98720.2,98688.4,0.0019411396758979567,61864.686881,61877.368202,0.0015641303179519995,35496.241003,1173.203372,48523.581982,1616431.037505375,618.64686881
C_t_F0,F0,1000000,200.0,100000000,50000000,512,kd_tree/sampling,3,23900.7,23908.13333333333,0.0017640134217733058,20507.419932,20499.378510666666,0.0021428781353785165,3215.960292,197.114503,nan,4876283.819787535,205.07419932
C_t_F0,F0,1000000,200.0,300000000,50000000,512,ours/enum_sampling,3,17743.5,17905.266666666666,0.013909419193509782,4674.630799,4670.385293333334,0.0014508937575659516,10207.621858,1582.793084,nan,64176191.21154471,15.582102663333334
C_t_F0,F0,1000000,200.0,300000000,50000000,512,ours/sampling,3,45115.1,44705.666666666664,0.01326796535962448,37444.15443,37449.67611466667,0.0005964112155093808,4841.858027,1592.929921,nan,8011931.4901565,124.8138481
C_t_F0,F0,1000000,200.0,300000000,50000000,512,ours/adaptive,3,62707.3,62368.933333333334,0.008681043907252545,54913.688755,54919.21772466667,0.000775641082455604,4965.614877,1602.992422,11030.621703,5463118.701394548,183.04562918333335
C_t_F0,F0,1000000,200.0,300000000,50000000,512,range_tree/enum_sampling,3,79606.1,80407.9,0.014240341433429974,4696.478875,4704.153561666667,0.0036259298310760356,74909.584998,0.00167,nan,63877642.80106551,15.654929583333333
C_t_F0,F0,1000000,200.0,300000000,50000000,512,range_tree/sampling,3,148309.0,148296.33333333334,0.00027109413616652726,117109.267092,117109.68958266666,0.0005901357371624152,30014.488945,1123.525035,nan,2561710.1656380678,390.36422364
C_t_F0,F0,1000000,200.0,300000000,50000000,512,range_tree/adaptive,3,150495.0,150603.0,0.001765883569471385,113552.588891,113588.30355633334,0.0005272072371998166,35682.467694,1141.645486,72776.334639,2641947.690756503,378.5086296366667
C_t_F0,F0,1000000,200.0,300000000,50000000,512,kd_tree/sampling,3,52887.2,53203.066666666666,0.008445410878780325,49632.499473,49949.80203766667,0.009060311098263074,3056.663784,197.780454,nan,6044426.599212468,165.44166491
C_t_F0,F0,1000000,200.0,1000000000,50000000,512,ours/enum_sampling,3,29096.0,31359.333333333332,0.11301001242631081,15574.462859,18116.424874,0.20107141689526256,10236.154875,1588.128142,nan,64207671.818494275,15.574462859
C_t_F0,F0,1000000,200.0,1000000000,50000000,512,ours/sampling,3,122488.0,122250.33333333333,0.0031629065440331836,114903.412055,115024.86265366667,0.0019467282902266255,4797.156809,1600.373799,nan,8702961.749485187,114.903412055
C_t_F0,F0,1000000,200.0,1000000000,50000000,512,ours/adaptive,3,187192.0,186964.66666666666,0.0033145507275872646,179432.129268,179503.692919,0.0009677053683163295,4985.292487,1607.294891,26836.611246,5573137.899436054,179.432129268
C_t_F0,F0,1000000,200.0,1000000000,50000000,512,range_tree/enum_sampling,3,91213.8,91893.3,0.011385295417990807,15718.994789,15721.831460333333,0.0031752952046228,75429.412354,0.00152,nan,63617299.54257573,15.718994789
C_t_F0,F0,1000000,200.0,1000000000,50000000,512,range_tree/sampling,3,307467.0,307444.0,0.005602569307493258,276489.459498,276199.34167966666,0.0059872374891735795,29858.377768,1136.671246,nan,3616774.4036811413,276.489459498
C_t_F0,F0,1000000,200.0,1000000000,50000000,512,range_tree/adaptive,3,311682.0,312032.6666666667,0.0023372664172356893,274667.759372,275213.9398676667,0.0031882297451787827,35559.313582,1139.207514,132241.418625,3640762.214998945,274.667759372
C_t_F0,F0,1000000,200.0,1000000000,50000000,512,kd_tree/sampling,3,156823.0,157179.33333333334,0.003497962673460052,153553.308683,153743.20324533334,0.0037637784309287564,3232.239629,196.623796,nan,6512396.304428904,153.553308683
D_family_F0,F0,1000000,200.0,10000000,50000000,512,ours/enum_sampling,3,13418.1,13492.0,0.019645134775348235,161.754779,158.01311866666668,0.03898153702652169,10375.424959,1580.376612,nan,61821975.59677664,16.1754779
D_family_F0,F0,1000000,200.0,10000000,50000000,512,ours/sampling,3,13167.3,12775.866666666667,0.04436839014904188,5510.834512,5519.663026333334,0.003639474682609198,4811.466372,1596.240838,nan,1814607.2029970621,551.0834512
D_family_F0,F0,1000000,200.0,10000000,50000000,512,ours/adaptive,3,13860.0,13524.666666666666,0.038051149834961745,5985.804799,5992.601694,0.003336259549519563,5028.335388,1604.458646,4556.344259,1670619.1290552309,598.5804799
D_family_F0,F0,1000000,200.0,10000000,50000000,512,range_tree/enum_sampling,3,78285.5,78479.23333333334,0.02062602247974198,264.366201,326.39784266666663,0.4966279984660362,78119.160403,0.00049,nan,37826318.047366425,26.4366201
D_family_F0,F0,1000000,200.0,10000000,50000000,512,range_tree/sampling,3,66138.5,66261.06666666667,0.005277829186289057,35227.498257,35241.346785,0.0019523424988249444,29799.387336,1119.718729,nan,283869.1503735414,3522.7498257
D_family_F0,F0,1000000,200.0,10000000,50000000,512,range_tree/adaptive,3,70880.7,71475.2,0.01335849487268105,33954.187558,33950.31749066667,0.0006001420537119012,35771.638398,1150.751985,32669.530622,294514.48316700733,3395.4187557999994
D_family_F0,F0,1000000,200.0,10000000,50000000,512,kd_tree/sampling,3,10544.6,10602.833333333334,0.012944451491162683,7219.747449,7204.670641666667,0.0031216555982000725,3123.800785,199.432049,nan,1385090.0008122984,721.9747449
D_family_F1,F1,1000000,200.0,10000000,50000000,512,ours/enum_sampling,3,13392.9,13558.4,0.021228028549083604,161.238159,161.346691,0.002594056931408836,10299.26985,1600.901119,nan,62020058.1674962,16.1238159
D_family_F1,F1,1000000,200.0,10000000,50000000,512,ours/sampling,3,13374.6,13347.333333333334,0.0030278189754925377,5589.571286,5597.895537333334,0.00681779610176875,4848.144727,1605.289785,nan,1789045.9729973644,558.9571286
D_family_F1,F1,1000000,200.0,10000000,50000000,512,ours/adaptive,3,19497.1,19153.633333333335,0.02678633942224528,5918.540492,5911.182598,0.004571985856839652,10701.212358,1603.606639,4419.876497,1689605.7420772647,591.8540492
D_family_F1,F1,1000000,200.0,10000000,50000000,512,range_tree/enum_sampling,3,89506.2,90626.73333333334,0.02474232311909678,162.947767,164.64143033333335,0.022398537020376395,89345.003894,0.00075,nan,61369358.93082843,16.2947767
D_family_F1,F1,1000000,200.0,10000000,50000000,512,range_tree/sampling,3,84296.1,84573.23333333334,0.009542153588869472,44497.181854,44765.550546,0.015405370978563152,38405.187775,1273.759167,nan,224733.33328863536,4449.7181854
D_family_F1,F1,1000000,200.0,10000000,50000000,512,range_tree/adaptive,3,97717.4,97667.2,0.007663028353220154,42650.805697,42586.645346666664,0.008034754258163714,53756.564722,1303.6711,41291.535311,234462.15930929966,4265.0805697
D_family_F1,F1,1000000,200.0,10000000,50000000,512,kd_tree/sampling,3,30342.3,30365.333333333332,0.0010890794953013771,19664.273739,19665.05144,9.875941993071007e-05,10480.771909,196.869361,nan,508536.4520819845,1966.4273739
E_budget_F0,F0,1000000,200.0,100000,10000000,256,ours/sampling,3,11345.3,11559.833333333334,0.037285058897137055,3453.407607,3755.514951,0.11603207857002129,4872.871185,1590.3962,nan,28956.906157646044,34534.07607
E_budget_F0,F0,1000000,200.0,100000,10000000,256,ours/adaptive,3,12169.0,11775.066666666666,0.047420465142697564,3581.685698,3588.290613333333,0.0030029233480034284,5681.753152,1603.199559,3505.493677,27919.814420299255,35816.85698
E_budget_F0,F0,1000000,200.0,100000,10000000,256,range_tree/sampling,3,52775.2,52964.6,0.005649279122963631,21720.086659,21748.210468,0.0026794180460077547,29947.436845,1110.366018,nan,4604.033196090573,217200.86659
E_budget_F0,F0,1000000,200.0,100000,10000000,256,range_tree/adaptive,3,55807.9,55869.3,0.008529366829907802,21791.181134,22116.584145,0.026893018842893593,32512.036815,1174.468599,21703.588847,4589.012380057435,217911.81134
E_budget_F0,F0,1000000,200.0,100000,10000000,512,ours/sampling,3,11157.8,10764.446666666667,0.05300388342327707,3451.735238,3442.0660333333335,0.005640430975386946,4856.238936,1588.211411,nan,28970.93580617205,34517.35238
E_budget_F0,F0,1000000,200.0,100000,10000000,512,ours/adaptive,3,11347.0,11809.9,0.05820126613887785,3554.201352,3763.1854026666665,0.08223931929078625,4885.665928,1613.096882,3469.044951,28135.71604313542,35542.01352
E_budget_F0,F0,1000000,200.0,100000,10000000,512,range_tree/sampling,3,53217.2,53371.26666666666,0.010080893300830724,21797.787369,21766.788315,0.002588898537945827,30004.256563,1123.633968,nan,4587.621592373925,217977.87369
E_budget_F0,F0,1000000,200.0,100000,10000000,512,range_tree/adaptive,3,54387.8,54728.8,0.010845837506201888,21697.547998,21668.418340333334,0.002480178360192879,31548.408994,1157.906406,21623.311103,4608.815706236374,216975.47998
E_budget_F0,F0,1000000,200.0,100000,10000000,1024,ours/sampling,3,11276.0,10848.47,0.05618343144560198,3479.298591,3477.482641,0.005120138437183606,4911.776215,1586.8351,nan,28741.425142030872,34792.98591
E_budget_F0,F0,1000000,200.0,100000,10000000,1024,ours/adaptive,3,11423.2,11001.066666666668,0.05431768372227764,3591.025073,3593.0505766666665,0.0021646822729214643,4941.28194,1600.809989,3501.454793,27847.201834338182,35910.25073
E_budget_F0,F0,1000000,200.0,100000,10000000,1024,range_tree/sampling,3,53084.9,53006.16666666667,0.0034156941412610666,21707.300919,21728.2877,0.0013914639771237943,30017.57469,1118.472071,nan,4606.745001285343,217073.00919
E_budget_F0,F0,1000000,200.0,100000,10000000,1024,range_tree/adaptive,3,54645.3,54855.833333333336,0.01234786717946573,21775.61912,21700.793881333335,0.00518165673665712,31715.211799,1142.874009,21652.995845,4592.291932042206,217756.1912
E_budget_F0,F0,1000000,200.0,100000,20000000,256,ours/sampling,3,11261.1,10840.43,0.05706538131792541,3473.261078,3470.9775833333333,0.0020285811001168655,4922.554437,1587.54562,nan,28791.3858918958,34732.61078
E_budget_F0,F0,1000000,200.0,100000,20000000,256,ours/adaptive,3,13398.9,13034.733333333334,0.04667233749738594,3571.32858,3574.097701333333,0.0016369132267472684,7038.888815,1610.141457,3487.317187,28000.78395474885,35713.2858
E_budget_F0,F0,1000000,200.0,100000,20000000,256,range_tree/sampling,3,53900.3,53988.200000000004,0.0023524742977818537,22210.761996,22214.25845166667,0.0006083160913981335,30555.412314,1127.360403,nan,4502.321893233978,222107.61996
E_budget_F0,F0,1000000,200.0,100000,20000000,256,range_tree/adaptive,3,57732.7,57951.5,0.006520137567353398,21657.652762,21701.127962333332,0.0037519214580824696,34940.738627,1130.110415,21578.724549,4617.3055362424875,216576.52762
E_budget_F0,F0,1000000,200.0,100000,20000000,512,ours/sampling,3,11182.1,10762.58,0.05590899731966207,3458.207809,3459.261003,0.008657165286170547,4878.3655,1574.976464,nan,28916.71221716335,34582.07809
E_budget_F0,F0,1000000,200.0,100000,20000000,512,ours/adaptive,3,11597.7,11812.9,0.04800805779065719,3545.470266,4062.9198396666666,0.1807793982017456,5000.942709,1656.327584,3459.831571,28205.003144144266,35454.70266
E_budget_F0,F0,1000000,200.0,100000,20000000,512,range_tree/sampling,3,52794.5,52856.73333333333,0.0021432533768266124,21719.163493,21720.426448666665,0.0006143560881029831,29932.302151,1117.819165,nan,4604.228889028327,217191.63493
E_budget_F0,F0,1000000,200.0,100000,20000000,512,range_tree/adaptive,3,54917.2,55542.666666666664,0.01636537216237246,21518.316747,21961.383302000002,0.030212329413966066,32273.511941,1167.252268,21439.949447,4647.203644027668,215183.16747
E_budget_F0,F0,1000000,200.0,100000,20000000,1024,ours/sampling,3,11186.2,10776.513333333334,0.05868617126013297,3476.319105,3461.191842,0.0071825373713598414,4895.027392,1586.442175,nan,28766.058862711914,34763.19105
E_budget_F0,F0,1000000,200.0,100000,20000000,1024,ours/adaptive,3,11490.5,12055.5,0.1558177471235722,3596.908146,3954.708861,0.13250873492023946,4948.004437,1608.181437,3511.131774,27801.6551829956,35969.08146
E_budget_F0,F0,1000000,200.0,100000,20000000,1024,range_tree/sampling,3,52419.9,52848.76666666666,0.012249611648012899,21504.254031,21494.585901333336,0.002380677824199304,29827.906078,1114.01247,nan,4650.242684812153,215042.54031
E_budget_F0,F0,1000000,200.0,100000,20000000,1024,range_tree/adaptive,3,55385.7,55496.63333333333,0.01194371114592581,21698.327629,21636.815093666668,0.0099378115335335,32324.94857,1157.830441,21615.301757,4608.650109345254,216983.27629
E_budget_F0,F0,1000000,200.0,100000,50000000,256,ours/sampling,3,11181.7,10754.603333333333,0.05875209116541371,3449.688454,3445.1915513333333,0.002621087245270781,4883.975729,1583.99207,nan,28988.12496648719,34496.88454
E_budget_F0,F0,1000000,200.0,100000,50000000,256,ours/adaptive,3,18437.2,18297.833333333336,0.08140261561346553,3637.170114,3886.8955456666667,0.09976890207151828,11639.036105,1611.901779,3537.818438,27493.902365216672,36371.70114
E_budget_F0,F0,1000000,200.0,100000,50000000,256,range_tree/sampling,3,53407.0,53532.2,0.00761278703686529,21879.197668,21875.99411766667,0.00050997476098086,30113.727171,1122.227083,nan,4570.551512785025,218791.97668
E_budget_F0,F0,1000000,200.0,100000,50000000,256,range_tree/adaptive,3,66198.5,66894.16666666667,0.017827125967922974,21684.935129,22044.392931333332,0.026384856809963216,43115.517499,1178.801669,21598.951914,4611.496387013241,216849.35129
E_budget_F0,F0,1000000,200.0,100000,50000000,512,ours/sampling,3,11220.1,10787.07,0.05872901652769791,3461.630211,3456.4284216666665,0.0031771173118066423,4901.047087,1583.403773,nan,28888.123197628287,34616.30211
E_budget_F0,F0,1000000,200.0,100000,50000000,512,ours/adaptive,3,11600.4,11215.199999999999,0.050252981488255355,3595.303225,3588.5706696666666,0.00392921788898373,5090.161927,1615.874131,3501.219139,27814.065668967323,35953.03225
E_budget_F0,F0,1000000,200.0,100000,50000000,512,range_tree/sampling,3,53829.3,53926.1,0.002800872846131648,22177.180401,22178.533188666668,0.0001723244201426437,30539.067577,1117.726841,nan,4509.139493471896,221771.80401
E_budget_F0,F0,1000000,200.0,100000,50000000,512,range_tree/adaptive,3,59607.5,59731.166666666664,0.003525233159308739,22151.675715,22140.691163666666,0.0007322403279966033,36310.446508,1146.405598,22062.389032,4514.331163320751,221516.75715
E_budget_F0,F0,1000000,200.0,100000,50000000,512,kd_tree/sampling,3,3845.46,3846.2366666666667,0.0011794241959784415,561.497916,560.6615283333333,0.0029254623925093455,3088.589208,198.157126,nan,178095.0510241965,5614.97916
E_budget_F0,F0,1000000,200.0,100000,50000000,1024,ours/sampling,3,11237.9,10796.223333333333,0.06070729130353788,3462.130728,3461.9022996666667,0.0001554972934459819,4908.398327,1584.41812,nan,28883.946868686813,34621.30728
E_budget_F0,F0,1000000,200.0,100000,50000000,1024,ours/adaptive,3,11492.3,11078.866666666667,0.054300738149116276,3554.440876,3552.201098666667,0.001142748392041577,5058.117947,1611.05311,3469.094324,28133.820054572207,35544.40876
E_budget_F0,F0,1000000,200.0,100000,50000000,1024,range_tree/sampling,3,52732.9,53046.03333333333,0.010810930544057257,21674.555905,21673.706071333334,0.0022405936803957683,29892.264205,1118.307611,nan,4613.704679270106,216745.55905
E_budget_F0,F0,1000000,200.0,100000,50000000,1024,range_tree/adaptive,3,59734.3,59500.333333333336,0.010692026276576705,21731.635393,21787.199703666665,0.009151400020945458,36271.569005,1151.393992,21568.480039,4601.586497821103,217316.35393
E_budget_F0,F0,1000000,200.0,100000,100000000,256,ours/sampling,3,11130.0,11920.126666666667,0.17698762515693456,3439.317819,3771.2205713333333,0.12742057292674486,4889.086254,1581.267838,nan,29075.533365240302,34393.17819
E_budget_F0,F0,1000000,200.0,100000,100000000,256,ours/adaptive,3,24277.9,24320.166666666668,0.0069119753819105205,3557.740608,3561.422550333333,0.0016728861427450727,18030.863811,1606.580826,3468.190085,28107.726509104734,35577.40608
E_budget_F0,F0,1000000,200.0,100000,100000000,256,range_tree/sampling,3,53902.0,54070.4,0.012325645158041243,22075.84598,22028.051622333332,0.003517210187425817,30438.834628,1125.842302,nan,4529.837728103229,220758.4598
E_budget_F0,F0,1000000,200.0,100000,100000000,256,range_tree/adaptive,3,78934.9,79167.1,0.006922787962538109,21424.196514,21560.792595333332,0.010229921810352054,56405.906982,1135.880384,21343.632258,4667.619620397588,214241.96514
E_budget_F0,F0,1000000,200.0,100000,100000000,512,ours/sampling,3,11238.7,10794.550000000001,0.060496086713546324,3462.742483,3463.453101,0.0019097132658646829,4890.355071,1583.595585,nan,28878.84400614263,34627.42483
E_budget_F0,F0,1000000,200.0,100000,100000000,512,ours/adaptive,3,11630.7,11306.633333333333,0.04571893527270441,3561.84146,3557.3418093333335,0.0047645904389263145,5231.502778,1610.197804,3473.396677,28075.36526344999,35618.4146
E_budget_F0,F0,1000000,200.0,100000,100000000,512,range_tree/sampling,3,53425.4,53826.53333333333,0.012389467775334433,21960.959683,21959.468831333335,0.0027111168535503705,30350.548252,1116.975633,nan,4553.535066020366,219609.59683
E_budget_F0,F0,1000000,200.0,100000,100000000,512,range_tree/adaptive,3,64772.1,64966.6,0.005196996142204827,22050.197428,22050.015897999998,0.0011150494875967058,41541.196777,1149.24373,21968.592232,4535.106786527771,220501.97428
E_budget_F0,F0,1000000,200.0,100000,100000000,1024,ours/sampling,3,11129.0,10703.8,0.05817160945695057,3441.960916,3436.413125,0.0037021879977385827,4865.968612,1576.962204,nan,29053.20613466257,34419.60916
E_budget_F0,F0,1000000,200.0,100000,100000000,1024,ours/adaptive,3,11616.1,11251.7,0.04645614230621542,3528.802127,3525.201884,0.003984799609947176,5203.733867,1606.229927,3442.72202,28338.228214857343,35288.02127
E_budget_F0,F0,1000000,200.0,100000,100000000,1024,range_tree/sampling,3,52659.5,53087.03333333333,0.012281610779157863,21659.451792,21687.686446666667,0.003937944694849613,29885.993023,1116.205981,nan,4616.922023711393,216594.51792
E_budget_F0,F0,1000000,200.0,100000,100000000,1024,range_tree/adaptive,3,64047.4,64318.333333333336,0.0071692710128732,21810.603801,21815.90378366667,0.000479532533097896,41082.104024,1133.104936,21726.266724,4584.925796296161,218106.03801
E_budget_F0,F0,1000000,200.0,300000,10000000,256,ours/sampling,3,11220.0,10808.369999999999,0.05774898356348513,3517.598115,3520.598482,0.0017676650564807219,4881.902677,1580.22209,nan,85285.4675810514,11725.32705
E_budget_F0,F0,1000000,200.0,300000,10000000,256,ours/adaptive,3,13117.6,12781.566666666668,0.10917287261821423,3682.906412,4245.6471016666665,0.18898936344348788,6007.985853,1586.713638,3569.050561,81457.40522281836,12276.354706666667
E_budget_F0,F0,1000000,200.0,300000,10000000,256,range_tree/sampling,3,54494.9,54952.76666666666,0.013027434597773608,23062.411086,23162.365285666667,0.006175421618620437,30321.589435,1113.606538,nan,13008.180232383183,76874.70362
E_budget_F0,F0,1000000,200.0,300000,10000000,256,range_tree/adaptive,3,56167.2,56349.63333333333,0.0047553131153827,22748.668932,22741.014899666665,0.0009310078976326177,32312.938514,1125.458015,22639.502042,13187.584772399465,75828.89644
E_budget_F0,F0,1000000,200.0,300000,10000000,512,ours/sampling,3,11523.4,11868.186666666666,0.14253038811856222,3557.049209,4038.458753666667,0.17193160763849613,4948.868121,1579.832844,nan,84339.56978749236,11856.830696666666
E_budget_F0,F0,1000000,200.0,300000,10000000,512,ours/adaptive,3,11499.9,11048.866666666667,0.058070098116923145,3685.089245,3679.899675,0.0031476399301725894,4933.648764,1603.654389,3551.778642,81409.15458344619,12283.630816666666
E_budget_F0,F0,1000000,200.0,300000,10000000,512,range_tree/sampling,3,53475.2,53866.066666666666,0.013672778951273988,22503.887088,22508.019408,0.000982005133983018,29815.410205,1122.890069,nan,13331.030271653486,75012.95696
E_budget_F0,F0,1000000,200.0,300000,10000000,512,range_tree/adaptive,3,56239.9,56157.5,0.003143644090361287,23173.82453,23125.016411333334,0.003647574033961421,31923.495009,1140.92969,23069.890806,12945.6404406459,77246.08176666667
E_budget_F0,F0,1000000,200.0,300000,10000000,1024,ours/sampling,3,11252.3,10805.676666666666,0.06002345270008094,3516.879258,3520.796912,0.0020348550557263796,4862.1911,1579.111828,nan,85302.90009745907,11722.93086
E_budget_F0,F0,1000000,200.0,300000,10000000,1024,ours/adaptive,3,11570.3,11134.366666666667,0.055515496261751396,3689.68635,3688.6327596666665,0.0005241635952619632,4957.435701,1611.617162,3575.82051,81307.72416468408,12298.9545
E_budget_F0,F0,1000000,200.0,300000,10000000,1024,range_tree/sampling,3,53635.4,54230.433333333334,0.017090978274075474,22658.157378,22751.598348,0.006127159191856122,29859.393065,1119.754247,nan,13240.264642670627,75527.19126
E_budget_F0,F0,1000000,200.0,300000,10000000,1024,range_tree/adaptive,3,55583.4,55787.433333333334,0.005718098127941594,22887.430406,22921.557766,0.0027457451637482107,31570.217805,1127.546681,22788.184801,13107.631336427972,76291.43468666666
E_budget_F0,F0,1000000,200.0,300000,20000000,256,ours/sampling,3,11252.6,10832.636666666667,0.057988162369920465,3532.820415,3532.1020326666667,0.001556063236398888,4878.77865,1582.760571,nan,84917.98754508725,11776.06805
E_budget_F0,F0,1000000,200.0,300000,20000000,256,ours/adaptive,3,13330.9,12936.3,0.04456692927074445,3653.547108,3649.848871333333,0.0021960858346335424,6810.345276,1587.286909,3537.545573,82111.98354144774,12178.49036
E_budget_F0,F0,1000000,200.0,300000,20000000,256,range_tree/sampling,3,53711.4,53840.13333333333,0.003717303321704113,22769.991114,22769.629743,0.00031427148728238477,29830.482372,1110.894635,nan,13175.235708174989,75899.97038
E_budget_F0,F0,1000000,200.0,300000,20000000,256,range_tree/adaptive,3,59529.9,59254.5,0.013351125552192674,22467.274945,22612.883255333334,0.009256018318660781,35176.095289,1156.061051,22363.03673,13352.754205145104,74890.91648333333
E_budget_F0,F0,1000000,200.0,300000,20000000,512,ours/sampling,3,11315.1,10881.783333333333,0.05847198506768912,3558.004735,3556.6845123333333,0.002068965960730398,4907.982441,1581.468537,nan,84316.91983119298,11860.015783333334
E_budget_F0,F0,1000000,200.0,300000,20000000,512,ours/adaptive,3,11434.9,11010.166666666666,0.05497334144223834,3671.39591,3672.707891666667,0.0005473196992977559,4864.809515,1602.673076,3555.81515,81712.78918268446,12237.986366666666
E_budget_F0,F0,1000000,200.0,300000,20000000,512,range_tree/sampling,3,55244.9,54790.9,0.017492128186484168,23298.306813,23281.658755666667,0.026298185289645032,30525.020664,1129.992798,nan,12876.472200658198,77661.02271
E_budget_F0,F0,1000000,200.0,300000,20000000,512,range_tree/adaptive,3,57041.6,57330.833333333336,0.01805078943923912,23064.774717,23356.572527666667,0.03004878304167007,32759.116847,1190.179446,22958.823116,13006.84718064398,76882.58239
E_budget_F0,F0,1000000,200.0,300000,20000000,1024,ours/sampling,3,11274.8,10827.273333333333,0.05882672593745065,3543.790975,3536.3967183333334,0.0037171223471261076,4880.638957,1582.268579,nan,84655.10582209213,11812.636583333333
E_budget_F0,F0,1000000,200.0,300000,20000000,1024,ours/adaptive,3,11450.3,11033.266666666666,0.05460538077236015,3667.188296,3668.0672019999997,0.00041818818611301107,4879.452621,1610.609794,3547.824947,81806.54381102443,12223.960986666667
E_budget_F0,F0,1000000,200.0,300000,20000000,1024,range_tree/sampling,3,53800.2,53869.066666666666,0.0022883972399877803,22805.994614,22803.398735,0.00031967074614998916,29866.776047,1136.079103,nan,13154.43615056534,76019.98204666667
E_budget_F0,F0,1000000,200.0,300000,20000000,1024,range_tree/adaptive,3,56949.6,57080.5,0.007689127403010156,22957.307873,23317.154131666666,0.02190507152463666,32510.62988,1150.963409,22858.940562,13067.734320574618,76524.35957666667
E_budget_F0,F0,1000000,200.0,300000,50000000,256,ours/sampling,3,11382.6,10937.300000000001,0.05809610663511925,3558.705921,3562.6145923333333,0.0017558256590428048,4921.534775,1597.76036,nan,84300.3065326903,11862.35307
E_budget_F0,F0,1000000,200.0,300000,50000000,256,ours/adaptive,3,17232.5,16939.933333333334,0.03026182100553784,3649.998522,3649.686282333333,0.0040460080368799,10835.17855,1598.940153,3531.056324,82191.81410397295,12166.66174
E_budget_F0,F0,1000000,200.0,300000,50000000,256,range_tree/sampling,3,54982.3,55069.86666666667,0.007006651509025151,23194.771123,23502.186894666665,0.018980469228235607,30344.42785,1123.96666,nan,12933.949570320148,77315.90374333333
E_budget_F0,F0,1000000,200.0,300000,50000000,256,range_tree/adaptive,3,66417.3,67198.46666666667,0.022850783307458867,22336.620245,22424.323001333334,0.008468498125696137,43006.068311,1149.304081,22234.308093,13430.859132198137,74455.40081666666
E_budget_F0,F0,1000000,200.0,300000,50000000,512,ours/sampling,3,11296.9,11734.18,0.14200610157545518,3545.883902,4103.329164,0.19291494601187475,4889.604581,1583.270237,nan,84605.13888533962,11819.613006666666
E_budget_F0,F0,1000000,200.0,300000,50000000,512,ours/adaptive,3,11657.7,11238.933333333334,0.05368490968066884,3661.378939,3658.1829803333335,0.0016313408560277008,5087.366043,1608.937682,3542.530075,81936.34283643319,12204.596463333333
E_budget_F0,F0,1000000,200.0,300000,50000000,512,range_tree/sampling,3,54051.5,54135.6,0.0028832772758740407,22895.683108,22902.483526666667,0.0009181386442055224,29995.702005,1124.872479,nan,13102.906717606375,76318.94369333333
E_budget_F0,F0,1000000,200.0,300000,50000000,512,range_tree/adaptive,3,59766.0,59695.76666666667,0.002171504648539827,22720.658884,22677.863490333333,0.0034358572601728915,35797.098504,1129.979574,22613.004806,13203.842438357344,75735.52961333333
E_budget_F0,F0,1000000,200.0,300000,50000000,512,kd_tree/sampling,3,4820.92,4819.056666666666,0.0007065087898209784,1532.808341,1534.8507996666667,0.0035879140124943066,3086.027141,198.082684,nan,195719.18548165052,5109.361136666666
E_budget_F0,F0,1000000,200.0,300000,50000000,1024,ours/sampling,3,11198.3,10804.766666666666,0.05224345045922686,3499.857201,3510.9168879999997,0.005853660299265325,4839.886135,1594.953417,nan,85717.78297534032,11666.19067
E_budget_F0,F0,1000000,200.0,300000,50000000,1024,ours/adaptive,3,11601.7,12290.0,0.11344390861902173,3893.507266,3927.0754566666665,0.06648000540676263,5225.686295,1670.181173,3747.606599,77051.35229096551,12978.357553333333
E_budget_F0,F0,1000000,200.0,300000,50000000,1024,range_tree/sampling,3,53930.5,53979.833333333336,0.00262057976150659,22850.064598,22830.269019666666,0.0013672039591554914,29942.501372,1118.94049,nan,13129.06572816683,76166.88199333333
E_budget_F0,F0,1000000,200.0,300000,50000000,1024,range_tree/adaptive,3,58874.2,59131.799999999996,0.006535045760895706,22414.020473,22415.571813,0.000655608736153521,35344.854356,1129.281522,22311.125764,13384.479610045013,74713.40157666667
E_budget_F0,F0,1000000,200.0,300000,100000000,256,ours/sampling,3,11314.9,10893.933333333332,0.057924197582311245,3531.135921,3533.332017,0.0027665756910012964,4951.499373,1583.513441,nan,84958.49684399617,11770.45307
E_budget_F0,F0,1000000,200.0,300000,100000000,256,ours/adaptive,3,23820.5,23973.333333333332,0.01412210818348238,3628.188425,3625.492132,0.0011972594094599416,17924.59142,1601.761436,3499.088685,82685.89302938423,12093.961416666667
E_budget_F0,F0,1000000,200.0,300000,100000000,256,range_tree/sampling,3,53765.3,54342.63333333333,0.01859617125146679,22764.94187,23163.89817433333,0.031150749797338742,29889.039722,1141.82397,nan,13178.15796381825,75883.13956666666
E_budget_F0,F0,1000000,200.0,300000,100000000,256,range_tree/adaptive,3,80424.0,80226.03333333334,0.00406964039377065,22563.943726,22554.123187666668,0.0007553323813497757,56507.46444,1146.731402,22453.904849,13295.548138347629,75213.14575333333
E_budget_F0,F0,1000000,200.0,300000,100000000,512,ours/sampling,3,11410.7,11570.866666666667,0.029006391133880045,3544.200659,4020.3356686666666,0.17583904451369287,4911.014955,1625.351042,nan,84645.32030323737,11814.002196666666
E_budget_F0,F0,1000000,200.0,300000,100000000,512,ours/adaptive,3,11838.6,12260.533333333333,0.05468083788224753,3636.914101,3795.518242333333,0.06246691385214174,5250.981829,1596.823551,3518.625603,82487.51322378291,12123.047003333333
E_budget_F0,F0,1000000,200.0,300000,100000000,512,range_tree/sampling,3,54220.7,54603.73333333333,0.012255282573883112,22934.510049,23279.954038666667,0.02630002029264811,30163.705746,1122.435067,nan,13080.72417326747,76448.36683
E_budget_F0,F0,1000000,200.0,300000,100000000,512,range_tree/adaptive,3,65513.9,65953.8,0.014965343922663644,22710.215991,22743.047035333333,0.005880674880747635,41652.123336,1143.845732,22607.941515,13209.913992843098,75700.71997
E_budget_F0,F0,1000000,200.0,300000,100000000,1024,ours/sampling,3,11356.0,10925.733333333334,0.0559846809473516,3550.293553,3558.8060193333336,0.00851009195362709,4917.249274,1601.887041,nan,84500.05486067479,11834.311843333333
E_budget_F0,F0,1000000,200.0,300000,100000000,1024,ours/adaptive,3,11693.1,11371.333333333334,0.04013521832339353,3612.658328,3611.645249,0.0030263736893948825,5207.343878,1601.060938,3494.259357,83041.34317791484,12042.194426666667
E_budget_F0,F0,1000000,200.0,300000,100000000,1024,range_tree/sampling,3,54573.9,54895.6,0.012050011663343095,23068.450668,23149.138357333333,0.007760889857559989,30389.447233,1115.999124,nan,13004.77454327493,76894.83556
E_budget_F0,F0,1000000,200.0,300000,100000000,1024,range_tree/adaptive,3,64428.1,64718.96666666667,0.007878209938836802,22353.035163,22351.03339,0.003365412171925266,40936.920056,1146.78888,22251.310546,13420.996200845997,74510.11721
F_high_alpha_F0,F0,1000000,1000.0,1000000,50000000,512,ours/sampling,3,12254.7,12904.833333333334,0.1671479782687886,4096.106815,4418.2018339999995,0.11821023070483058,5234.137932,1658.543433,nan,244134.25849589324,4096.106815
F_high_alpha_F0,F0,1000000,1000.0,1000000,50000000,512,ours/adaptive,3,30933.3,30478.066666666666,0.02163571195757434,169.417491,170.94835633333332,0.013338312920502625,27626.144249,1443.964505,nan,5902578.264483918,169.417491
F_high_alpha_F0,F0,1000000,1000.0,1000000,50000000,512,range_tree/sampling,3,56658.0,56652.333333333336,0.002717659567649048,25646.603599,25624.859873,0.0018315545373454815,29775.458598,1125.886786,nan,38991.51777114813,25646.603599
F_high_alpha_F0,F0,1000000,1000.0,1000000,50000000,512,range_tree/adaptive,3,75778.8,75930.93333333333,0.0033587136731183286,167.792653,167.31832433333335,0.011634708312889422,74382.835035,1176.120415,nan,5959736.508844639,167.792653
F_high_alpha_F0,F0,1000000,1000.0,1000000,50000000,512,kd_tree/sampling,3,14686.3,14686.466666666665,4.246151090089676e-05,7663.638097,7664.280782666667,0.00030063301945398483,6825.708041,196.444622,nan,130486.32873092729,7663.638097
F_high_alpha_F0,F0,1000000,3000.0,1000000,50000000,512,ours/sampling,3,12410.7,11987.866666666667,0.0507039263379813,4201.764592,4203.228852333334,0.0011759728581955417,5364.551668,1577.347559,nan,237995.24654569224,4201.764592
F_high_alpha_F0,F0,1000000,3000.0,1000000,50000000,512,ours/adaptive,3,32453.1,32066.533333333333,0.01885609392107086,170.850341,173.22321066666666,0.034765144814913225,29194.775024,1430.77839,nan,5853075.821487533,170.850341
F_high_alpha_F0,F0,1000000,3000.0,1000000,50000000,512,range_tree/sampling,3,57015.8,56885.53333333333,0.0036062942138459734,25766.824149,25854.959627666667,0.0067567759364034734,29790.472747,1126.367819,nan,38809.59462514163,25766.824149
F_high_alpha_F0,F0,1000000,3000.0,1000000,50000000,512,range_tree/adaptive,3,79479.0,79586.0,0.004828160788749968,163.817706,163.74747299999999,0.008907480773511634,78081.868553,1178.748441,nan,6104346.254244337,163.817706
F_high_alpha_F0,F0,1000000,3000.0,1000000,50000000,512,kd_tree/sampling,3,23746.3,23837.6,0.013695700609540557,12740.047883,12728.190281,0.0018502208128133829,10809.635187,196.641321,nan,78492.64062298973,12740.047883
F_high_alpha_F0,F0,1000000,10000.0,1000000,50000000,512,ours/sampling,3,12837.5,12428.9,0.048353041152806794,4388.976603,4391.523641,0.001297866158820057,5632.682381,1573.005118,nan,227843.54770004228,4388.976603
F_high_alpha_F0,F0,1000000,10000.0,1000000,50000000,512,ours/adaptive,3,33448.9,33021.73333333334,0.018916381718339943,167.870361,168.44962566666666,0.009216495298035185,30130.701273,1439.072369,nan,5956977.718061856,167.870361
F_high_alpha_F0,F0,1000000,10000.0,1000000,50000000,512,range_tree/sampling,3,56725.4,56610.23333333334,0.0038787911033536754,25688.82238,25799.310660666666,0.007046659618998783,29606.429655,1127.160135,nan,38927.4364238101,25688.82238
F_high_alpha_F0,F0,1000000,10000.0,1000000,50000000,512,range_tree/adaptive,3,80581.1,80751.2,0.0031602092213230603,165.905651,166.23904166666668,0.035385226623547955,79173.050291,1188.017648,nan,6027522.23310344,165.905651
F_high_alpha_F0,F0,1000000,10000.0,1000000,50000000,512,kd_tree/sampling,3,40747.8,40758.433333333334,0.0019329522950028869,22137.683665,22136.436899,0.001489516501523464,18413.525597,196.613509,nan,45171.84431454383,22137.683665
