task_id,sweep,family,N,alpha,t,method,variant,j_star,w_small,out_dir,log_file
A_alpha_F0__F0__n1000000__a0p1__t10000000__ours__enum_sampling__B50000000__w512,A_alpha_F0,F0,1000000,0.1,10000000,ours,enum_sampling,50000000,512,/home/dhy/PhD/Comp-26.2.23/Join-Sampling-2D/run/temp/exp2_sjs_adv_d2/out/A_alpha_F0/A_alpha_F0__F0__n1000000__a0p1__t10000000__ours__enum_sampling__B50000000__w512,/home/dhy/PhD/Comp-26.2.23/Join-Sampling-2D/run/temp/exp2_sjs_adv_d2/logs/A_alpha_F0__F0__n1000000__a0p1__t10000000__ours__enum_sampling__B50000000__w512.log
A_alpha_F0__F0__n1000000__a0p1__t10000000__ours__sampling__B50000000__w512,A_alpha_F0,F0,1000000,0.1,10000000,ours,sampling,50000000,512,/home/dhy/PhD/Comp-26.2.23/Join-Sampling-2D/run/temp/exp2_sjs_adv_d2/out/A_alpha_F0/A_alpha_F0__F0__n1000000__a0p1__t10000000__ours__sampling__B50000000__w512,/home/dhy/PhD/Comp-26.2.23/Join-Sampling-2D/run/temp/exp2_sjs_adv_d2/logs/A_alpha_F0__F0__n1000000__a0p1__t10000000__ours__sampling__B50000000__w512.log
A_alpha_F0__F0__n1000000__a0p1__t10000000__ours__adaptive__B50000000__w512,A_alpha_F0,F0,1000000,0.1,10000000,ours,adaptive,50000000,512,/home/dhy/PhD/Comp-26.2.23/Join-Sampling-2D/run/temp/exp2_sjs_adv_d2/out/A_alpha_F0/A_alpha_F0__F0__n1000000__a0p1__t10000000__ours__adaptive__B50000000__w512,/home/dhy/PhD/Comp-26.2.23/Join-Sampling-2D/run/temp/exp2_sjs_adv_d2/logs/A_alpha_F0__F0__n1000000__a0p1__t10000000__ours__adaptive__B50000000__w512.log
A_alpha_F0__F0__n1000000__a0p1__t10000000__range_tree__enum_sampling__B50000000__w512,A_alpha_F0,F0,1000000,0.1,10000000,range_tree,enum_sampling,50000000,512,/home/dhy/PhD/Comp-26.2.23/Join-Sampling-2D/run/temp/exp2_sjs_adv_d2/out/A_alpha_F0/A_alpha_F0__F0__n1000000__a0p1__t10000000__range_tree__enum_sampling__B50000000__w512,/home/dhy/PhD/Comp-26.2.23/Join-Sampling-2D/run/temp/exp2_sjs_adv_d2/logs/A_alpha_F0__F0__n1000000__a0p1__t10000000__range_tree__enum_sampling__B50000000__w512.log
A_alpha_F0__F0__n1000000__a0p1__t10000000__range_tree__sampling__B50000000__w512,A_alpha_F0,F0,1000000,0.1,10000000,range_tree,sampling,50000000,512,/home/dhy/PhD/Comp-26.2.23/Join-Sampling-2D/run/temp/exp2_sjs_adv_d2/out/A_alpha_F0/A_alpha_F0__F0__n1000000__a0p1__t10000000__range_tree__sampling__B50000000__w512,/home/dhy/PhD/Comp-26.2.23/Join-Sampling-2D/run/temp/exp2_sjs_adv_d2/logs/A_alpha_F0__F0__n1000000__a0p1__t10000000__range_tree__sampling__B50000000__w512.log
A_alpha_F0__F0__n1000000__a0p1__t10000000__range_tree__adaptive__B50000000__w512,A_alpha_F0,F0,1000000,0.1,10000000,range_tree,adaptive,50000000,512,/home/dhy/PhD/Comp-26.2.23/Join-Sampling-2D/run/temp/exp2_sjs_adv_d2/out/A_alpha_F0/A_alpha_F0__F0__n1000000__a0p1__t10000000__range_tree__adaptive__B50000000__w512,/home/dhy/PhD/Comp-26.2.23/Join-Sampling-2D/run/temp/exp2_sjs_adv_d2/logs/A_alpha_F0__F0__n1000000__a0p1__t10000000__range_tree__adaptive__B50000000__w512.log
A_alpha_F0__F0__n1000000__a0p1__t10000000__kd_tree__sampling__B50000000__w512,A_alpha_F0,F0,1000000,0.1,10000000,kd_tree,sampling,50000000,512,/home/dhy/PhD/Comp-26.2.23/Join-Sampling-2D/run/temp/exp2_sjs_adv_d2/out/A_alpha_F0/A_alpha_F0__F0__n1000000__a0p1__t10000000__kd_tree__sampling__B50000000__w512,/home/dhy/PhD/Comp-26.2.23/Join-Sampling-2D/run/temp/exp2_sjs_adv_d2/logs/A_alpha_F0__F0__n1000000__a0p1__t10000000__kd_tree__sampling__B50000000__w512.log
A_alpha_F1__F1__n1000000__a0p1__t10000000__ours__enum_sampling__B50000000__w512,A_alpha_F1,F1,1000000,0.1,10000000,ours,enum_sampling,50000000,512,/home/dhy/PhD/Comp-26.2.23/Join-Sampling-2D/run/temp/exp2_sjs_adv_d2/out/A_alpha_F1/A_alpha_F1__F1__n1000000__a0p1__t10000000__ours__enum_sampling__B50000000__w512,/home/dhy/PhD/Comp-26.2.23/Join-Sampling-2D/run/temp/exp2_sjs_adv_d2/logs/A_alpha_F1__F1__n1000000__a0p1__t10000000__ours__enum_sampling__B50000000__w512.log
A_alpha_F1__F1__n1000000__a0p1__t10000000__ours__sampling__B50000000__w512,A_alpha_F1,F1,1000000,0.1,10000000,ours,sampling,50000000,512,/home/dhy/PhD/Comp-26.2.23/Join-Sampling-2D/run/temp/exp2_sjs_adv_d2/out/A_alpha_F1/A_alpha_F1__F1__n1000000__a0p1__t10000000__ours__sampling__B50000000__w512,/home/dhy/PhD/Comp-26.2.23/Join-Sampling-2D/run/temp/exp2_sjs_adv_d2/logs/A_alpha_F1__F1__n1000000__a0p1__t10000000__ours__sampling__B50000000__w512.log
A_alpha_F1__F1__n1000000__a0p1__t10000000__ours__adaptive__B50000000__w512,A_alpha_F1,F1,1000000,0.1,10000000,ours,adaptive,50000000,512,/home/dhy/PhD/Comp-26.2.23/Join-Sampling-2D/run/temp/exp2_sjs_adv_d2/out/A_alpha_F1/A_alpha_F1__F1__n1000000__a0p1__t10000000__ours__adaptive__B50000000__w512,/home/dhy/PhD/Comp-26.2.23/Join-Sampling-2D/run/temp/exp2_sjs_adv_d2/logs/A_alpha_F1__F1__n1000000__a0p1__t10000000__ours__adaptive__B50000000__w512.log
A_alpha_F1__F1__n1000000__a0p1__t10000000__range_tree__enum_sampling__B50000000__w512,A_alpha_F1,F1,1000000,0.1,10000000,range_tree,enum_sampling,50000000,512,/home/dhy/PhD/Comp-26.2.23/Join-Sampling-2D/run/temp/exp2_sjs_adv_d2/out/A_alpha_F1/A_alpha_F1__F1__n1000000__a0p1__t10000000__range_tree__enum_sampling__B50000000__w512,/home/dhy/PhD/Comp-26.2.23/Join-Sampling-2D/run/temp/exp2_sjs_adv_d2/logs/A_alpha_F1__F1__n1000000__a0p1__t10000000__range_tree__enum_sampling__B50000000__w512.log
A_alpha_F1__F1__n1000000__a0p1__t10000000__range_tree__sampling__B50000000__w512,A_alpha_F1,F1,1000000,0.1,10000000,range_tree,sampling,50000000,512,/home/dhy/PhD/Comp-26.2.23/Join-Sampling-2D/run/temp/exp2_sjs_adv_d2/out/A_alpha_F1/A_alpha_F1__F1__n1000000__a0p1__t10000000__range_tree__sampling__B50000000__w512,/home/dhy/PhD/Comp-26.2.23/Join-Sampling-2D/run/temp/exp2_sjs_adv_d2/logs/A_alpha_F1__F1__n1000000__a0p1__t10000000__range_tree__sampling__B50000000__w512.log
A_alpha_F1__F1__n1000000__a0p1__t10000000__range_tree__adaptive__B50000000__w512,A_alpha_F1,F1,1000000,0.1,10000000,range_tree,adaptive,50000000,512,/home/dhy/PhD/Comp-26.2.23/Join-Sampling-2D/run/temp/exp2_sjs_adv_d2/out/A_alpha_F1/A_alpha_F1__F1__n1000000__a0p1__t10000000__range_tree__adaptive__B50000000__w512,/home/dhy/PhD/Comp-26.2.23/Join-Sampling-2D/run/temp/exp2_sjs_adv_d2/logs/A_alpha_F1__F1__n1000000__a0p1__t10000000__range_tree__adaptive__B50000000__w512.log
A_alpha_F1__F1__n1000000__a0p1__t10000000__kd_tree__sampling__B50000000__w512,A_alpha_F1,F1,1000000,0.1,10000000,kd_tree,sampling,50000000,512,/home/dhy/PhD/Comp-26.2.23/Join-Sampling-2D/run/temp/exp2_sjs_adv_d2/out/A_alpha_F1/A_alpha_F1__F1__n1000000__a0p1__t10000000__kd_tree__sampling__B50000000__w512,/home/dhy/PhD/Comp-26.2.23/Join-Sampling-2D/run/temp/exp2_sjs_adv_d2/logs/A_alpha_F1__F1__n1000000__a0p1__t10000000__kd_tree__sampling__B50000000__w512.log
A_alpha_F0__F0__n1000000__a0p3__t10000000__ours__enum_sampling__B50000000__w512,A_alpha_F0,F0,1000000,0.3,10000000,ours,enum_sampling,50000000,512,/home/dhy/PhD/Comp-26.2.23/Join-Sampling-2D/run/temp/exp2_sjs_adv_d2/out/A_alpha_F0/A_alpha_F0__F0__n1000000__a0p3__t10000000__ours__enum_sampling__B50000000__w512,/home/dhy/PhD/Comp-26.2.23/Join-Sampling-2D/run/temp/exp2_sjs_adv_d2/logs/A_alpha_F0__F0__n1000000__a0p3__t10000000__ours__enum_sampling__B50000000__w512.log
A_alpha_F0__F0__n1000000__a0p3__t10000000__ours__sampling__B50000000__w512,A_alpha_F0,F0,1000000,0.3,10000000,ours,sampling,50000000,512,/home/dhy/PhD/Comp-26.2.23/Join-Sampling-2D/run/temp/exp2_sjs_adv_d2/out/A_alpha_F0/A_alpha_F0__F0__n1000000__a0p3__t10000000__ours__sampling__B50000000__w512,/home/dhy/PhD/Comp-26.2.23/Join-Sampling-2D/run/temp/exp2_sjs_adv_d2/logs/A_alpha_F0__F0__n1000000__a0p3__t10000000__ours__sampling__B50000000__w512.log
A_alpha_F0__F0__n1000000__a0p3__t10000000__ours__adaptive__B50000000__w512,A_alpha_F0,F0,1000000,0.3,10000000,ours,adaptive,50000000,512,/home/dhy/PhD/Comp-26.2.23/Join-Sampling-2D/run/temp/exp2_sjs_adv_d2/out/A_alpha_F0/A_alpha_F0__F0__n1000000__a0p3__t10000000__ours__adaptive__B50000000__w512,/home/dhy/PhD/Comp-26.2.23/Join-Sampling-2D/run/temp/exp2_sjs_adv_d2/logs/A_alpha_F0__F0__n1000000__a0p3__t10000000__ours__adaptive__B50000000__w512.log
A_alpha_F0__F0__n1000000__a0p3__t10000000__range_tree__enum_sampling__B50000000__w512,A_alpha_F0,F0,1000000,0.3,10000000,range_tree,enum_sampling,50000000,512,/home/dhy/PhD/Comp-26.2.23/Join-Sampling-2D/run/temp/exp2_sjs_adv_d2/out/A_alpha_F0/A_alpha_F0__F0__n1000000__a0p3__t10000000__range_tree__enum_sampling__B50000000__w512,/home/dhy/PhD/Comp-26.2.23/Join-Sampling-2D/run/temp/exp2_sjs_adv_d2/logs/A_alpha_F0__F0__n1000000__a0p3__t10000000__range_tree__enum_sampling__B50000000__w512.log
A_alpha_F0__F0__n1000000__a0p3__t10000000__range_tree__sampling__B50000000__w512,A_alpha_F0,F0,1000000,0.3,10000000,range_tree,sampling,50000000,512,/home/dhy/PhD/Comp-26.2.23/Join-Sampling-2D/run/temp/exp2_sjs_adv_d2/out/A_alpha_F0/A_alpha_F0__F0__n1000000__a0p3__t10000000__range_tree__sampling__B50000000__w512,/home/dhy/PhD/Comp-26.2.23/Join-Sampling-2D/run/temp/exp2_sjs_adv_d2/logs/A_alpha_F0__F0__n1000000__a0p3__t10000000__range_tree__sampling__B50000000__w512.log
A_alpha_F0__F0__n1000000__a0p3__t10000000__range_tree__adaptive__B50000000__w512,A_alpha_F0,F0,1000000,0.3,10000000,range_tree,adaptive,50000000,512,/home/dhy/PhD/Comp-26.2.23/Join-Sampling-2D/run/temp/exp2_sjs_adv_d2/out/A_alpha_F0/A_alpha_F0__F0__n1000000__a0p3__t10000000__range_tree__adaptive__B50000000__w512,/home/dhy/PhD/Comp-26.2.23/Join-Sampling-2D/run/temp/exp2_sjs_adv_d2/logs/A_alpha_F0__F0__n1000000__a0p3__t10000000__range_tree__adaptive__B50000000__w512.log
A_alpha_F0__F0__n1000000__a0p3__t10000000__kd_tree__sampling__B50000000__w512,A_alpha_F0,F0,1000000,0.3,10000000,kd_tree,sampling,50000000,512,/home/dhy/PhD/Comp-26.2.23/Join-Sampling-2D/run/temp/exp2_sjs_adv_d2/out/A_alpha_F0/A_alpha_F0__F0__n1000000__a0p3__t10000000__kd_tree__sampling__B50000000__w512,/home/dhy/PhD/Comp-26.2.23/Join-Sampling-2D/run/temp/exp2_sjs_adv_d2/logs/A_alpha_F0__F0__n1000000__a0p3__t10000000__kd_tree__sampling__B50000000__w512.log
A_alpha_F1__F1__n1000000__a0p3__t10000000__ours__enum_sampling__B50000000__w512,A_alpha_F1,F1,1000000,0.3,10000000,ours,enum_sampling,50000000,512,/home/dhy/PhD/Comp-26.2.23/Join-Sampling-2D/run/temp/exp2_sjs_adv_d2/out/A_alpha_F1/A_alpha_F1__F1__n1000000__a0p3__t10000000__ours__enum_sampling__B50000000__w512,/home/dhy/PhD/Comp-26.2.23/Join-Sampling-2D/run/temp/exp2_sjs_adv_d2/logs/A_alpha_F1__F1__n1000000__a0p3__t10000000__ours__enum_sampling__B50000000__w512.log
A_alpha_F1__F1__n1000000__a0p3__t10000000__ours__sampling__B50000000__w512,A_alpha_F1,F1,1000000,0.3,10000000,ours,sampling,50000000,512,/home/dhy/PhD/Comp-26.2.23/Join-Sampling-2D/run/temp/exp2_sjs_adv_d2/out/A_alpha_F1/A_alpha_F1__F1__n1000000__a0p3__t10000000__ours__sampling__B50000000__w512,/home/dhy/PhD/Comp-26.2.23/Join-Sampling-2D/run/temp/exp2_sjs_adv_d2/logs/A_alpha_F1__F1__n1000000__a0p3__t10000000__ours__sampling__B50000000__w512.log
A_alpha_F1__F1__n1000000__a0p3__t10000000__ours__adaptive__B50000000__w512,A_alpha_F1,F1,1000000,0.3,10000000,ours,adaptive,50000000,512,/home/dhy/PhD/Comp-26.2.23/Join-Sampling-2D/run/temp/exp2_sjs_adv_d2/out/A_alpha_F1/A_alpha_F1__F1__n1000000__a0p3__t10000000__ours__adaptive__B50000000__w512,/home/dhy/PhD/Comp-26.2.23/Join-Sampling-2D/run/temp/exp2_sjs_adv_d2/logs/A_alpha_F1__F1__n1000000__a0p3__t10000000__ours__adaptive__B50000000__w512.log
A_alpha_F1__F1__n1000000__a0p3__t10000000__range_tree__enum_sampling__B50000000__w512,A_alpha_F1,F1,1000000,0.3,10000000,range_tree,enum_sampling,50000000,512,/home/dhy/PhD/Comp-26.2.23/Join-Sampling-2D/run/temp/exp2_sjs_adv_d2/out/A_alpha_F1/A_alpha_F1__F1__n1000000__a0p3__t10000000__range_tree__enum_sampling__B50000000__w512,/home/dhy/PhD/Comp-26.2.23/Join-Sampling-2D/run/temp/exp2_sjs_adv_d2/logs/A_alpha_F1__F1__n1000000__a0p3__t10000000__range_tree__enum_sampling__B50000000__w512.log
A_alpha_F1__F1__n1000000__a0p3__t10000000__range_tree__sampling__B50000000__w512,A_alpha_F1,F1,1000000,0.3,10000000,range_tree,sampling,50000000,512,/home/dhy/PhD/Comp-26.2.23/Join-Sampling-2D/run/temp/exp2_sjs_adv_d2/out/A_alpha_F1/A_alpha_F1__F1__n1000000__a0p3__t10000000__range_tree__sampling__B50000000__w512,/home/dhy/PhD/Comp-26.2.23/Join-Sampling-2D/run/temp/exp2_sjs_adv_d2/logs/A_alpha_F1__F1__n1000000__a0p3__t10000000__range_tree__sampling__B50000000__w512.log
A_alpha_F1__F1__n1000000__a0p3__t10000000__range_tree__adaptive__B50000000__w512,A_alpha_F1,F1,1000000,0.3,10000000,range_tree,adaptive,50000000,512,/home/dhy/PhD/Comp-26.2.23/Join-Sampling-2D/run/temp/exp2_sjs_adv_d2/out/A_alpha_F1/A_alpha_F1__F1__n1000000__a0p3__t10000000__range_tree__adaptive__B50000000__w512,/home/dhy/PhD/Comp-26.2.23/Join-Sampling-2D/run/temp/exp2_sjs_adv_d2/logs/A_alpha_F1__F1__n1000000__a0p3__t10000000__range_tree__adaptive__B50000000__w512.log
A_alpha_F1__F1__n1000000__a0p3__t10000000__kd_tree__sampling__B50000000__w512,A_alpha_F1,F1,1000000,0.3,10000000,kd_tree,sampling,50000000,512,/home/dhy/PhD/Comp-26.2.23/Join-Sampling-2D/run/temp/exp2_sjs_adv_d2/out/A_alpha_F1/A_alpha_F1__F1__n1000000__a0p3__t10000000__kd_tree__sampling__B50000000__w512,/home/dhy/PhD/Comp-26.2.23/Join-Sampling-2D/run/temp/exp2_sjs_adv_d2/logs/A_alpha_F1__F1__n1000000__a0p3__t10000000__kd_tree__sampling__B50000000__w512.log
A_alpha_F0__F0__n1000000__a1__t10000000__ours__enum_sampling__B50000000__w512,A_alpha_F0,F0,1000000,1,10000000,ours,enum_sampling,50000000,512,/home/dhy/PhD/Comp-26.2.23/Join-Sampling-2D/run/temp/exp2_sjs_adv_d2/out/A_alpha_F0/A_alpha_F0__F0__n1000000__a1__t10000000__ours__enum_sampling__B50000000__w512,/home/dhy/PhD/Comp-26.2.23/Join-Sampling-2D/run/temp/exp2_sjs_adv_d2/logs/A_alpha_F0__F0__n1000000__a1__t10000000__ours__enum_sampling__B50000000__w512.log
A_alpha_F0__F0__n1000000__a1__t10000000__ours__sampling__B50000000__w512,A_alpha_F0,F0,1000000,1,10000000,ours,sampling,50000000,512,/home/dhy/PhD/Comp-26.2.23/Join-Sampling-2D/run/temp/exp2_sjs_adv_d2/out/A_alpha_F0/A_alpha_F0__F0__n1000000__a1__t10000000__ours__sampling__B50000000__w512,/home/dhy/PhD/Comp-26.2.23/Join-Sampling-2D/run/temp/exp2_sjs_adv_d2/logs/A_alpha_F0__F0__n1000000__a1__t10000000__ours__sampling__B50000000__w512.log
A_alpha_F0__F0__n1000000__a1__t10000000__ours__adaptive__B50000000__w512,A_alpha_F0,F0,1000000,1,10000000,ours,adaptive,50000000,512,/home/dhy/PhD/Comp-26.2.23/Join-Sampling-2D/run/temp/exp2_sjs_adv_d2/out/A_alpha_F0/A_alpha_F0__F0__n1000000__a1__t10000000__ours__adaptive__B50000000__w512,/home/dhy/PhD/Comp-26.2.23/Join-Sampling-2D/run/temp/exp2_sjs_adv_d2/logs/A_alpha_F0__F0__n1000000__a1__t10000000__ours__adaptive__B50000000__w512.log
A_alpha_F0__F0__n1000000__a1__t10000000__range_tree__enum_sampling__B50000000__w512,A_alpha_F0,F0,1000000,1,10000000,range_tree,enum_sampling,50000000,512,/home/dhy/PhD/Comp-26.2.23/Join-Sampling-2D/run/temp/exp2_sjs_adv_d2/out/A_alpha_F0/A_alpha_F0__F0__n1000000__a1__t10000000__range_tree__enum_sampling__B50000000__w512,/home/dhy/PhD/Comp-26.2.23/Join-Sampling-2D/run/temp/exp2_sjs_adv_d2/logs/A_alpha_F0__F0__n1000000__a1__t10000000__range_tree__enum_sampling__B50000000__w512.log
A_alpha_F0__F0__n1000000__a1__t10000000__range_tree__sampling__B50000000__w512,A_alpha_F0,F0,1000000,1,10000000,range_tree,sampling,50000000,512,/home/dhy/PhD/Comp-26.2.23/Join-Sampling-2D/run/temp/exp2_sjs_adv_d2/out/A_alpha_F0/A_alpha_F0__F0__n1000000__a1__t10000000__range_tree__sampling__B50000000__w512,/home/dhy/PhD/Comp-26.2.23/Join-Sampling-2D/run/temp/exp2_sjs_adv_d2/logs/A_alpha_F0__F0__n1000000__a1__t10000000__range_tree__sampling__B50000000__w512.log
A_alpha_F0__F0__n1000000__a1__t10000000__range_tree__adaptive__B50000000__w512,A_alpha_F0,F0,1000000,1,10000000,range_tree,adaptive,50000000,512,/home/dhy/PhD/Comp-26.2.23/Join-Sampling-2D/run/temp/exp2_sjs_adv_d2/out/A_alpha_F0/A_alpha_F0__F0__n1000000__a1__t10000000__range_tree__adaptive__B50000000__w512,/home/dhy/PhD/Comp-26.2.23/Join-Sampling-2D/run/temp/exp2_sjs_adv_d2/logs/A_alpha_F0__F0__n1000000__a1__t10000000__range_tree__adaptive__B50000000__w512.log
A_alpha_F0__F0__n1000000__a1__t10000000__kd_tree__sampling__B50000000__w512,A_alpha_F0,F0,1000000,1,10000000,kd_tree,sampling,50000000,512,/home/dhy/PhD/Comp-26.2.23/Join-Sampling-2D/run/temp/exp2_sjs_adv_d2/out/A_alpha_F0/A_alpha_F0__F0__n1000000__a1__t10000000__kd_tree__sampling__B50000000__w512,/home/dhy/PhD/Comp-26.2.23/Join-Sampling-2D/run/temp/exp2_sjs_adv_d2/logs/A_alpha_F0__F0__n1000000__a1__t10000000__kd_tree__sampling__B50000000__w512.log
A_alpha_F1__F1__n1000000__a1__t10000000__ours__enum_sampling__B50000000__w512,A_alpha_F1,F1,1000000,1,10000000,ours,enum_sampling,50000000,512,/home/dhy/PhD/Comp-26.2.23/Join-Sampling-2D/run/temp/exp2_sjs_adv_d2/out/A_alpha_F1/A_alpha_F1__F1__n1000000__a1__t10000000__ours__enum_sampling__B50000000__w512,/home/dhy/PhD/Comp-26.2.23/Join-Sampling-2D/run/temp/exp2_sjs_adv_d2/logs/A_alpha_F1__F1__n1000000__a1__t10000000__ours__enum_sampling__B50000000__w512.log
A_alpha_F1__F1__n1000000__a1__t10000000__ours__sampling__B50000000__w512,A_alpha_F1,F1,1000000,1,10000000,ours,sampling,50000000,512,/home/dhy/PhD/Comp-26.2.23/Join-Sampling-2D/run/temp/exp2_sjs_adv_d2/out/A_alpha_F1/A_alpha_F1__F1__n1000000__a1__t10000000__ours__sampling__B50000000__w512,/home/dhy/PhD/Comp-26.2.23/Join-Sampling-2D/run/temp/exp2_sjs_adv_d2/logs/A_alpha_F1__F1__n1000000__a1__t10000000__ours__sampling__B50000000__w512.log
A_alpha_F1__F1__n1000000__a1__t10000000__ours__adaptive__B50000000__w512,A_alpha_F1,F1,1000000,1,10000000,ours,adaptive,50000000,512,/home/dhy/PhD/Comp-26.2.23/Join-Sampling-2D/run/temp/exp2_sjs_adv_d2/out/A_alpha_F1/A_alpha_F1__F1__n1000000__a1__t10000000__ours__adaptive__B50000000__w512,/home/dhy/PhD/Comp-26.2.23/Join-Sampling-2D/run/temp/exp2_sjs_adv_d2/logs/A_alpha_F1__F1__n1000000__a1__t10000000__ours__adaptive__B50000000__w512.log
A_alpha_F1__F1__n1000000__a1__t10000000__range_tree__enum_sampling__B50000000__w512,A_alpha_F1,F1,1000000,1,10000000,range_tree,enum_sampling,50000000,512,/home/dhy/PhD/Comp-26.2.23/Join-Sampling-2D/run/temp/exp2_sjs_adv_d2/out/A_alpha_F1/A_alpha_F1__F1__n1000000__a1__t10000000__range_tree__enum_sampling__B50000000__w512,/home/dhy/PhD/Comp-26.2.23/Join-Sampling-2D/run/temp/exp2_sjs_adv_d2/logs/A_alpha_F1__F1__n1000000__a1__t10000000__range_tree__enum_sampling__B50000000__w512.log
A_alpha_F1__F1__n1000000__a1__t10000000__range_tree__sampling__B50000000__w512,A_alpha_F1,F1,1000000,1,10000000,range_tree,sampling,50000000,512,/home/dhy/PhD/Comp-26.2.23/Join-Sampling-2D/run/temp/exp2_sjs_adv_d2/out/A_alpha_F1/A_alpha_F1__F1__n1000000__a1__t10000000__range_tree__sampling__B50000000__w512,/home/dhy/PhD/Comp-26.2.23/Join-Sampling-2D/run/temp/exp2_sjs_adv_d2/logs/A_alpha_F1__F1__n1000000__a1__t10000000__range_tree__sampling__B50000000__w512.log
A_alpha_F1__F1__n1000000__a1__t10000000__range_tree__adaptive__B50000000__w512,A_alpha_F1,F1,1000000,1,10000000,range_tree,adaptive,50000000,512,/home/dhy/PhD/Comp-26.2.23/Join-Sampling-2D/run/temp/exp2_sjs_adv_d2/out/A_alpha_F1/A_alpha_F1__F1__n1000000__a1__t10000000__range_tree__adaptive__B50000000__w512,/home/dhy/PhD/Comp-26.2.23/Join-Sampling-2D/run/temp/exp2_sjs_adv_d2/logs/A_alpha_F1__F1__n1000000__a1__t10000000__range_tree__adaptive__B50000000__w512.log
A_alpha_F1__F1__n1000000__a1__t10000000__kd_tree__sampling__B50000000__w512,A_alpha_F1,F1,1000000,1,10000000,kd_tree,sampling,50000000,512,/home/dhy/PhD/Comp-26.2.23/Join-Sampling-2D/run/temp/exp2_sjs_adv_d2/out/A_alpha_F1/A_alpha_F1__F1__n1000000__a1__t10000000__kd_tree__sampling__B50000000__w512,/home/dhy/PhD/Comp-26.2.23/Join-Sampling-2D/run/temp/exp2_sjs_adv_d2/logs/A_alpha_F1__F1__n1000000__a1__t10000000__kd_tree__sampling__B50000000__w512.log
A_alpha_F0__F0__n1000000__a3__t10000000__ours__enum_sampling__B50000000__w512,A_alpha_F0,F0,1000000,3,10000000,ours,enum_sampling,50000000,512,/home/dhy/PhD/Comp-26.2.23/Join-Sampling-2D/run/temp/exp2_sjs_adv_d2/out/A_alpha_F0/A_alpha_F0__F0__n1000000__a3__t10000000__ours__enum_sampling__B50000000__w512,/home/dhy/PhD/Comp-26.2.23/Join-Sampling-2D/run/temp/exp2_sjs_adv_d2/logs/A_alpha_F0__F0__n1000000__a3__t10000000__ours__enum_sampling__B50000000__w512.log
A_alpha_F0__F0__n1000000__a3__t10000000__ours__sampling__B50000000__w512,A_alpha_F0,F0,1000000,3,10000000,ours,sampling,50000000,512,/home/dhy/PhD/Comp-26.2.23/Join-Sampling-2D/run/temp/exp2_sjs_adv_d2/out/A_alpha_F0/A_alpha_F0__F0__n1000000__a3__t10000000__ours__sampling__B50000000__w512,/home/dhy/PhD/Comp-26.2.23/Join-Sampling-2D/run/temp/exp2_sjs_adv_d2/logs/A_alpha_F0__F0__n1000000__a3__t10000000__ours__sampling__B50000000__w512.log
A_alpha_F0__F0__n1000000__a3__t10000000__ours__adaptive__B50000000__w512,A_alpha_F0,F0,1000000,3,10000000,ours,adaptive,50000000,512,/home/dhy/PhD/Comp-26.2.23/Join-Sampling-2D/run/temp/exp2_sjs_adv_d2/out/A_alpha_F0/A_alpha_F0__F0__n1000000__a3__t10000000__ours__adaptive__B50000000__w512,/home/dhy/PhD/Comp-26.2.23/Join-Sampling-2D/run/temp/exp2_sjs_adv_d2/logs/A_alpha_F0__F0__n1000000__a3__t10000000__ours__adaptive__B50000000__w512.log
A_alpha_F0__F0__n1000000__a3__t10000000__range_tree__enum_sampling__B50000000__w512,A_alpha_F0,F0,1000000,3,10000000,range_tree,enum_sampling,50000000,512,/home/dhy/PhD/Comp-26.2.23/Join-Sampling-2D/run/temp/exp2_sjs_adv_d2/out/A_alpha_F0/A_alpha_F0__F0__n1000000__a3__t10000000__range_tree__enum_sampling__B50000000__w512,/home/dhy/PhD/Comp-26.2.23/Join-Sampling-2D/run/temp/exp2_sjs_adv_d2/logs/A_alpha_F0__F0__n1000000__a3__t10000000__range_tree__enum_sampling__B50000000__w512.log
A_alpha_F0__F0__n1000000__a3__t10000000__range_tree__sampling__B50000000__w512,A_alpha_F0,F0,1000000,3,10000000,range_tree,sampling,50000000,512,/home/dhy/PhD/Comp-26.2.23/Join-Sampling-2D/run/temp/exp2_sjs_adv_d2/out/A_alpha_F0/A_alpha_F0__F0__n1000000__a3__t10000000__range_tree__sampling__B50000000__w512,/home/dhy/PhD/Comp-26.2.23/Join-Sampling-2D/run/temp/exp2_sjs_adv_d2/logs/A_alpha_F0__F0__n1000000__a3__t10000000__range_tree__sampling__B50000000__w512.log
A_alpha_F0__F0__n1000000__a3__t10000000__range_tree__adaptive__B50000000__w512,A_alpha_F0,F0,1000000,3,10000000,range_tree,adaptive,50000000,512,/home/dhy/PhD/Comp-26.2.23/Join-Sampling-2D/run/temp/exp2_sjs_adv_d2/out/A_alpha_F0/A_alpha_F0__F0__n1000000__a3__t10000000__range_tree__adaptive__B50000000__w512,/home/dhy/PhD/Comp-26.2.23/Join-Sampling-2D/run/temp/exp2_sjs_adv_d2/logs/A_alpha_F0__F0__n1000000__a3__t10000000__range_tree__adaptive__B50000000__w512.log
A_alpha_F0__F0__n1000000__a3__t10000000__kd_tree__sampling__B50000000__w512,A_alpha_F0,F0,1000000,3,10000000,kd_tree,sampling,50000000,512,/home/dhy/PhD/Comp-26.2.23/Join-Sampling-2D/run/temp/exp2_sjs_adv_d2/out/A_alpha_F0/A_alpha_F0__F0__n1000000__a3__t10000000__kd_tree__sampling__B50000000__w512,/home/dhy/PhD/Comp-26.2.23/Join-Sampling-2D/run/temp/exp2_sjs_adv_d2/logs/A_alpha_F0__F0__n1000000__a3__t10000000__kd_tree__sampling__B50000000__w512.log
A_alpha_F1__F1__n1000000__a3__t10000000__ours__enum_sampling__B50000000__w512,A_alpha_F1,F1,1000000,3,10000000,ours,enum_sampling,50000000,512,/home/dhy/PhD/Comp-26.2.23/Join-Sampling-2D/run/temp/exp2_sjs_adv_d2/out/A_alpha_F1/A_alpha_F1__F1__n1000000__a3__t10000000__ours__enum_sampling__B50000000__w512,/home/dhy/PhD/Comp-26.2.23/Join-Sampling-2D/run/temp/exp2_sjs_adv_d2/logs/A_alpha_F1__F1__n1000000__a3__t10000000__ours__enum_sampling__B50000000__w512.log
A_alpha_F1__F1__n1000000__a3__t10000000__ours__sampling__B50000000__w512,A_alpha_F1,F1,1000000,3,10000000,ours,sampling,50000000,512,/home/dhy/PhD/Comp-26.2.23/Join-Sampling-2D/run/temp/exp2_sjs_adv_d2/out/A_alpha_F1/A_alpha_F1__F1__n1000000__a3__t10000000__ours__sampling__B50000000__w512,/home/dhy/PhD/Comp-26.2.23/Join-Sampling-2D/run/temp/exp2_sjs_adv_d2/logs/A_alpha_F1__F1__n1000000__a3__t10000000__ours__sampling__B50000000__w512.log
A_alpha_F1__F1__n1000000__a3__t10000000__ours__adaptive__B50000000__w512,A_alpha_F1,F1,1000000,3,10000000,ours,adaptive,50000000,512,/home/dhy/PhD/Comp-26.2.23/Join-Sampling-2D/run/temp/exp2_sjs_adv_d2/out/A_alpha_F1/A_alpha_F1__F1__n1000000__a3__t10000000__ours__adaptive__B50000000__w512,/home/dhy/PhD/Comp-26.2.23/Join-Sampling-2D/run/temp/exp2_sjs_adv_d2/logs/A_alpha_F1__F1__n1000000__a3__t10000000__ours__adaptive__B50000000__w512.log
A_alpha_F1__F1__n1000000__a3__t10000000__range_tree__enum_sampling__B50000000__w512,A_alpha_F1,F1,1000000,3,10000000,range_tree,enum_sampling,50000000,512,/home/dhy/PhD/Comp-26.2.23/Join-Sampling-2D/run/temp/exp2_sjs_adv_d2/out/A_alpha_F1/A_alpha_F1__F1__n1000000__a3__t10000000__range_tree__enum_sampling__B50000000__w512,/home/dhy/PhD/Comp-26.2.23/Join-Sampling-2D/run/temp/exp2_sjs_adv_d2/logs/A_alpha_F1__F1__n1000000__a3__t10000000__range_tree__enum_sampling__B50000000__w512.log
A_alpha_F1__F1__n1000000__a3__t10000000__range_tree__sampling__B50000000__w512,A_alpha_F1,F1,1000000,3,10000000,range_tree,sampling,50000000,512,/home/dhy/PhD/Comp-26.2.23/Join-Sampling-2D/run/temp/exp2_sjs_adv_d2/out/A_alpha_F1/A_alpha_F1__F1__n1000000__a3__t10000000__range_tree__sampling__B50000000__w512,/home/dhy/PhD/Comp-26.2.23/Join-Sampling-2D/run/temp/exp2_sjs_adv_d2/logs/A_alpha_F1__F1__n1000000__a3__t10000000__range_tree__sampling__B50000000__w512.log
A_alpha_F1__F1__n1000000__a3__t10000000__range_tree__adaptive__B50000000__w512,A_alpha_F1,F1,1000000,3,10000000,range_tree,adaptive,50000000,512,/home/dhy/PhD/Comp-26.2.23/Join-Sampling-2D/run/temp/exp2_sjs_adv_d2/out/A_alpha_F1/A_alpha_F1__F1__n1000000__a3__t10000000__range_tree__adaptive__B50000000__w512,/home/dhy/PhD/Comp-26.2.23/Join-Sampling-2D/run/temp/exp2_sjs_adv_d2/logs/A_alpha_F1__F1__n1000000__a3__t10000000__range_tree__adaptive__B50000000__w512.log
A_alpha_F1__F1__n1000000__a3__t10000000__kd_tree__sampling__B50000000__w512,A_alpha_F1,F1,1000000,3,10000000,kd_tree,sampling,50000000,512,/home/dhy/PhD/Comp-26.2.23/Join-Sampling-2D/run/temp/exp2_sjs_adv_d2/out/A_alpha_F1/A_alpha_F1__F1__n1000000__a3__t10000000__kd_tree__sampling__B50000000__w512,/home/dhy/PhD/Comp-26.2.23/Join-Sampling-2D/run/temp/exp2_sjs_adv_d2/logs/A_alpha_F1__F1__n1000000__a3__t10000000__kd_tree__sampling__B50000000__w512.log
A_alpha_F0__F0__n1000000__a10__t10000000__ours__enum_sampling__B50000000__w512,A_alpha_F0,F0,1000000,10,10000000,ours,enum_sampling,50000000,512,/home/dhy/PhD/Comp-26.2.23/Join-Sampling-2D/run/temp/exp2_sjs_adv_d2/out/A_alpha_F0/A_alpha_F0__F0__n1000000__a10__t10000000__ours__enum_sampling__B50000000__w512,/home/dhy/PhD/Comp-26.2.23/Join-Sampling-2D/run/temp/exp2_sjs_adv_d2/logs/A_alpha_F0__F0__n1000000__a10__t10000000__ours__enum_sampling__B50000000__w512.log
A_alpha_F0__F0__n1000000__a10__t10000000__ours__sampling__B50000000__w512,A_alpha_F0,F0,1000000,10,10000000,ours,sampling,50000000,512,/home/dhy/PhD/Comp-26.2.23/Join-Sampling-2D/run/temp/exp2_sjs_adv_d2/out/A_alpha_F0/A_alpha_F0__F0__n1000000__a10__t10000000__ours__sampling__B50000000__w512,/home/dhy/PhD/Comp-26.2.23/Join-Sampling-2D/run/temp/exp2_sjs_adv_d2/logs/A_alpha_F0__F0__n1000000__a10__t10000000__ours__sampling__B50000000__w512.log
A_alpha_F0__F0__n1000000__a10__t10000000__ours__adaptive__B50000000__w512,A_alpha_F0,F0,1000000,10,10000000,ours,adaptive,50000000,512,/home/dhy/PhD/Comp-26.2.23/Join-Sampling-2D/run/temp/exp2_sjs_adv_d2/out/A_alpha_F0/A_alpha_F0__F0__n1000000__a10__t10000000__ours__adaptive__B50000000__w512,/home/dhy/PhD/Comp-26.2.23/Join-Sampling-2D/run/temp/exp2_sjs_adv_d2/logs/A_alpha_F0__F0__n1000000__a10__t10000000__ours__adaptive__B50000000__w512.log
A_alpha_F0__F0__n1000000__a10__t10000000__range_tree__enum_sampling__B50000000__w512,A_alpha_F0,F0,1000000,10,10000000,range_tree,enum_sampling,50000000,512,/home/dhy/PhD/Comp-26.2.23/Join-Sampling-2D/run/temp/exp2_sjs_adv_d2/out/A_alpha_F0/A_alpha_F0__F0__n1000000__a10__t10000000__range_tree__enum_sampling__B50000000__w512,/home/dhy/PhD/Comp-26.2.23/Join-Sampling-2D/run/temp/exp2_sjs_adv_d2/logs/A_alpha_F0__F0__n1000000__a10__t10000000__range_tree__enum_sampling__B50000000__w512.log
A_alpha_F0__F0__n1000000__a10__t10000000__range_tree__sampling__B50000000__w512,A_alpha_F0,F0,1000000,10,10000000,range_tree,sampling,50000000,512,/home/dhy/PhD/Comp-26.2.23/Join-Sampling-2D/run/temp/exp2_sjs_adv_d2/out/A_alpha_F0/A_alpha_F0__F0__n1000000__a10__t10000000__range_tree__sampling__B50000000__w512,/home/dhy/PhD/Comp-26.2.23/Join-Sampling-2D/run/temp/exp2_sjs_adv_d2/logs/A_alpha_F0__F0__n1000000__a10__t10000000__range_tree__sampling__B50000000__w512.log
A_alpha_F0__F0__n1000000__a10__t10000000__range_tree__adaptive__B50000000__w512,A_alpha_F0,F0,1000000,10,10000000,range_tree,adaptive,50000000,512,/home/dhy/PhD/Comp-26.2.23/Join-Sampling-2D/run/temp/exp2_sjs_adv_d2/out/A_alpha_F0/A_alpha_F0__F0__n1000000__a10__t10000000__range_tree__adaptive__B50000000__w512,/home/dhy/PhD/Comp-26.2.23/Join-Sampling-2D/run/temp/exp2_sjs_adv_d2/logs/A_alpha_F0__F0__n1000000__a10__t10000000__range_tree__adaptive__B50000000__w512.log
A_alpha_F0__F0__n1000000__a10__t10000000__kd_tree__sampling__B50000000__w512,A_alpha_F0,F0,1000000,10,10000000,kd_tree,sampling,50000000,512,/home/dhy/PhD/Comp-26.2.23/Join-Sampling-2D/run/temp/exp2_sjs_adv_d2/out/A_alpha_F0/A_alpha_F0__F0__n1000000__a10__t10000000__kd_tree__sampling__B50000000__w512,/home/dhy/PhD/Comp-26.2.23/Join-Sampling-2D/run/temp/exp2_sjs_adv_d2/logs/A_alpha_F0__F0__n1000000__a10__t10000000__kd_tree__sampling__B50000000__w512.log
A_alpha_F1__F1__n1000000__a10__t10000000__ours__enum_sampling__B50000000__w512,A_alpha_F1,F1,1000000,10,10000000,ours,enum_sampling,50000000,512,/home/dhy/PhD/Comp-26.2.23/Join-Sampling-2D/run/temp/exp2_sjs_adv_d2/out/A_alpha_F1/A_alpha_F1__F1__n1000000__a10__t10000000__ours__enum_sampling__B50000000__w512,/home/dhy/PhD/Comp-26.2.23/Join-Sampling-2D/run/temp/exp2_sjs_adv_d2/logs/A_alpha_F1__F1__n1000000__a10__t10000000__ours__enum_sampling__B50000000__w512.log
A_alpha_F1__F1__n1000000__a10__t10000000__ours__sampling__B50000000__w512,A_alpha_F1,F1,1000000,10,10000000,ours,sampling,50000000,512,/home/dhy/PhD/Comp-26.2.23/Join-Sampling-2D/run/temp/exp2_sjs_adv_d2/out/A_alpha_F1/A_alpha_F1__F1__n1000000__a10__t10000000__ours__sampling__B50000000__w512,/home/dhy/PhD/Comp-26.2.23/Join-Sampling-2D/run/temp/exp2_sjs_adv_d2/logs/A_alpha_F1__F1__n1000000__a10__t10000000__ours__sampling__B50000000__w512.log
A_alpha_F1__F1__n1000000__a10__t10000000__ours__adaptive__B50000000__w512,A_alpha_F1,F1,1000000,10,10000000,ours,adaptive,50000000,512,/home/dhy/PhD/Comp-26.2.23/Join-Sampling-2D/run/temp/exp2_sjs_adv_d2/out/A_alpha_F1/A_alpha_F1__F1__n1000000__a10__t10000000__ours__adaptive__B50000000__w512,/home/dhy/PhD/Comp-26.2.23/Join-Sampling-2D/run/temp/exp2_sjs_adv_d2/logs/A_alpha_F1__F1__n1000000__a10__t10000000__ours__adaptive__B50000000__w512.log
A_alpha_F1__F1__n1000000__a10__t10000000__range_tree__enum_sampling__B50000000__w512,A_alpha_F1,F1,1000000,10,10000000,range_tree,enum_sampling,50000000,512,/home/dhy/PhD/Comp-26.2.23/Join-Sampling-2D/run/temp/exp2_sjs_adv_d2/out/A_alpha_F1/A_alpha_F1__F1__n1000000__a10__t10000000__range_tree__enum_sampling__B50000000__w512,/home/dhy/PhD/Comp-26.2.23/Join-Sampling-2D/run/temp/exp2_sjs_adv_d2/logs/A_alpha_F1__F1__n1000000__a10__t10000000__range_tree__enum_sampling__B50000000__w512.log
A_alpha_F1__F1__n1000000__a10__t10000000__range_tree__sampling__B50000000__w512,A_alpha_F1,F1,1000000,10,10000000,range_tree,sampling,50000000,512,/home/dhy/PhD/Comp-26.2.23/Join-Sampling-2D/run/temp/exp2_sjs_adv_d2/out/A_alpha_F1/A_alpha_F1__F1__n1000000__a10__t10000000__range_tree__sampling__B50000000__w512,/home/dhy/PhD/Comp-26.2.23/Join-Sampling-2D/run/temp/exp2_sjs_adv_d2/logs/A_alpha_F1__F1__n1000000__a10__t10000000__range_tree__sampling__B50000000__w512.log
A_alpha_F1__F1__n1000000__a10__t10000000__range_tree__adaptive__B50000000__w512,A_alpha_F1,F1,1000000,10,10000000,range_tree,adaptive,50000000,512,/home/dhy/PhD/Comp-26.2.23/Join-Sampling-2D/run/temp/exp2_sjs_adv_d2/out/A_alpha_F1/A_alpha_F1__F1__n1000000__a10__t10000000__range_tree__adaptive__B50000000__w512,/home/dhy/PhD/Comp-26.2.23/Join-Sampling-2D/run/temp/exp2_sjs_adv_d2/logs/A_alpha_F1__F1__n1000000__a10__t10000000__range_tree__adaptive__B50000000__w512.log
A_alpha_F1__F1__n1000000__a10__t10000000__kd_tree__sampling__B50000000__w512,A_alpha_F1,F1,1000000,10,10000000,kd_tree,sampling,50000000,512,/home/dhy/PhD/Comp-26.2.23/Join-Sampling-2D/run/temp/exp2_sjs_adv_d2/out/A_alpha_F1/A_alpha_F1__F1__n1000000__a10__t10000000__kd_tree__sampling__B50000000__w512,/home/dhy/PhD/Comp-26.2.23/Join-Sampling-2D/run/temp/exp2_sjs_adv_d2/logs/A_alpha_F1__F1__n1000000__a10__t10000000__kd_tree__sampling__B50000000__w512.log
A_alpha_F0__F0__n1000000__a30__t10000000__ours__enum_sampling__B50000000__w512,A_alpha_F0,F0,1000000,30,10000000,ours,enum_sampling,50000000,512,/home/dhy/PhD/Comp-26.2.23/Join-Sampling-2D/run/temp/exp2_sjs_adv_d2/out/A_alpha_F0/A_alpha_F0__F0__n1000000__a30__t10000000__ours__enum_sampling__B50000000__w512,/home/dhy/PhD/Comp-26.2.23/Join-Sampling-2D/run/temp/exp2_sjs_adv_d2/logs/A_alpha_F0__F0__n1000000__a30__t10000000__ours__enum_sampling__B50000000__w512.log
A_alpha_F0__F0__n1000000__a30__t10000000__ours__sampling__B50000000__w512,A_alpha_F0,F0,1000000,30,10000000,ours,sampling,50000000,512,/home/dhy/PhD/Comp-26.2.23/Join-Sampling-2D/run/temp/exp2_sjs_adv_d2/out/A_alpha_F0/A_alpha_F0__F0__n1000000__a30__t10000000__ours__sampling__B50000000__w512,/home/dhy/PhD/Comp-26.2.23/Join-Sampling-2D/run/temp/exp2_sjs_adv_d2/logs/A_alpha_F0__F0__n1000000__a30__t10000000__ours__sampling__B50000000__w512.log
A_alpha_F0__F0__n1000000__a30__t10000000__ours__adaptive__B50000000__w512,A_alpha_F0,F0,1000000,30,10000000,ours,adaptive,50000000,512,/home/dhy/PhD/Comp-26.2.23/Join-Sampling-2D/run/temp/exp2_sjs_adv_d2/out/A_alpha_F0/A_alpha_F0__F0__n1000000__a30__t10000000__ours__adaptive__B50000000__w512,/home/dhy/PhD/Comp-26.2.23/Join-Sampling-2D/run/temp/exp2_sjs_adv_d2/logs/A_alpha_F0__F0__n1000000__a30__t10000000__ours__adaptive__B50000000__w512.log
A_alpha_F0__F0__n1000000__a30__t10000000__range_tree__enum_sampling__B50000000__w512,A_alpha_F0,F0,1000000,30,10000000,range_tree,enum_sampling,50000000,512,/home/dhy/PhD/Comp-26.2.23/Join-Sampling-2D/run/temp/exp2_sjs_adv_d2/out/A_alpha_F0/A_alpha_F0__F0__n1000000__a30__t10000000__range_tree__enum_sampling__B50000000__w512,/home/dhy/PhD/Comp-26.2.23/Join-Sampling-2D/run/temp/exp2_sjs_adv_d2/logs/A_alpha_F0__F0__n1000000__a30__t10000000__range_tree__enum_sampling__B50000000__w512.log
A_alpha_F0__F0__n1000000__a30__t10000000__range_tree__sampling__B50000000__w512,A_alpha_F0,F0,1000000,30,10000000,range_tree,sampling,50000000,512,/home/dhy/PhD/Comp-26.2.23/Join-Sampling-2D/run/temp/exp2_sjs_adv_d2/out/A_alpha_F0/A_alpha_F0__F0__n1000000__a30__t10000000__range_tree__sampling__B50000000__w512,/home/dhy/PhD/Comp-26.2.23/Join-Sampling-2D/run/temp/exp2_sjs_adv_d2/logs/A_alpha_F0__F0__n1000000__a30__t10000000__range_tree__sampling__B50000000__w512.log
A_alpha_F0__F0__n1000000__a30__t10000000__range_tree__adaptive__B50000000__w512,A_alpha_F0,F0,1000000,30,10000000,range_tree,adaptive,50000000,512,/home/dhy/PhD/Comp-26.2.23/Join-Sampling-2D/run/temp/exp2_sjs_adv_d2/out/A_alpha_F0/A_alpha_F0__F0__n1000000__a30__t10000000__range_tree__adaptive__B50000000__w512,/home/dhy/PhD/Comp-26.2.23/Join-Sampling-2D/run/temp/exp2_sjs_adv_d2/logs/A_alpha_F0__F0__n1000000__a30__t10000000__range_tree__adaptive__B50000000__w512.log
A_alpha_F0__F0__n1000000__a30__t10000000__kd_tree__sampling__B50000000__w512,A_alpha_F0,F0,1000000,30,10000000,kd_tree,sampling,50000000,512,/home/dhy/PhD/Comp-26.2.23/Join-Sampling-2D/run/temp/exp2_sjs_adv_d2/out/A_alpha_F0/A_alpha_F0__F0__n1000000__a30__t10000000__kd_tree__sampling__B50000000__w512,/home/dhy/PhD/Comp-26.2.23/Join-Sampling-2D/run/temp/exp2_sjs_adv_d2/logs/A_alpha_F0__F0__n1000000__a30__t10000000__kd_tree__sampling__B50000000__w512.log
A_alpha_F1__F1__n1000000__a30__t10000000__ours__enum_sampling__B50000000__w512,A_alpha_F1,F1,1000000,30,10000000,ours,enum_sampling,50000000,512,/home/dhy/PhD/Comp-26.2.23/Join-Sampling-2D/run/temp/exp2_sjs_adv_d2/out/A_alpha_F1/A_alpha_F1__F1__n1000000__a30__t10000000__ours__enum_sampling__B50000000__w512,/home/dhy/PhD/Comp-26.2.23/Join-Sampling-2D/run/temp/exp2_sjs_adv_d2/logs/A_alpha_F1__F1__n1000000__a30__t10000000__ours__enum_sampling__B50000000__w512.log
A_alpha_F1__F1__n1000000__a30__t10000000__ours__sampling__B50000000__w512,A_alpha_F1,F1,1000000,30,10000000,ours,sampling,50000000,512,/home/dhy/PhD/Comp-26.2.23/Join-Sampling-2D/run/temp/exp2_sjs_adv_d2/out/A_alpha_F1/A_alpha_F1__F1__n1000000__a30__t10000000__ours__sampling__B50000000__w512,/home/dhy/PhD/Comp-26.2.23/Join-Sampling-2D/run/temp/exp2_sjs_adv_d2/logs/A_alpha_F1__F1__n1000000__a30__t10000000__ours__sampling__B50000000__w512.log
A_alpha_F1__F1__n1000000__a30__t10000000__ours__adaptive__B50000000__w512,A_alpha_F1,F1,1000000,30,10000000,ours,adaptive,50000000,512,/home/dhy/PhD/Comp-26.2.23/Join-Sampling-2D/run/temp/exp2_sjs_adv_d2/out/A_alpha_F1/A_alpha_F1__F1__n1000000__a30__t10000000__ours__adaptive__B50000000__w512,/home/dhy/PhD/Comp-26.2.23/Join-Sampling-2D/run/temp/exp2_sjs_adv_d2/logs/A_alpha_F1__F1__n1000000__a30__t10000000__ours__adaptive__B50000000__w512.log
A_alpha_F1__F1__n1000000__a30__t10000000__range_tree__enum_sampling__B50000000__w512,A_alpha_F1,F1,1000000,30,10000000,range_tree,enum_sampling,50000000,512,/home/dhy/PhD/Comp-26.2.23/Join-Sampling-2D/run/temp/exp2_sjs_adv_d2/out/A_alpha_F1/A_alpha_F1__F1__n1000000__a30__t10000000__range_tree__enum_sampling__B50000000__w512,/home/dhy/PhD/Comp-26.2.23/Join-Sampling-2D/run/temp/exp2_sjs_adv_d2/logs/A_alpha_F1__F1__n1000000__a30__t10000000__range_tree__enum_sampling__B50000000__w512.log
A_alpha_F1__F1__n1000000__a30__t10000000__range_tree__sampling__B50000000__w512,A_alpha_F1,F1,1000000,30,10000000,range_tree,sampling,50000000,512,/home/dhy/PhD/Comp-26.2.23/Join-Sampling-2D/run/temp/exp2_sjs_adv_d2/out/A_alpha_F1/A_alpha_F1__F1__n1000000__a30__t10000000__range_tree__sampling__B50000000__w512,/home/dhy/PhD/Comp-26.2.23/Join-Sampling-2D/run/temp/exp2_sjs_adv_d2/logs/A_alpha_F1__F1__n1000000__a30__t10000000__range_tree__sampling__B50000000__w512.log
A_alpha_F1__F1__n1000000__a30__t10000000__range_tree__adaptive__B50000000__w512,A_alpha_F1,F1,1000000,30,10000000,range_tree,adaptive,50000000,512,/home/dhy/PhD/Comp-26.2.23/Join-Sampling-2D/run/temp/exp2_sjs_adv_d2/out/A_alpha_F1/A_alpha_F1__F1__n1000000__a30__t10000000__range_tree__adaptive__B50000000__w512,/home/dhy/PhD/Comp-26.2.23/Join-Sampling-2D/run/temp/exp2_sjs_adv_d2/logs/A_alpha_F1__F1__n1000000__a30__t10000000__range_tree__adaptive__B50000000__w512.log
A_alpha_F1__F1__n1000000__a30__t10000000__kd_tree__sampling__B50000000__w512,A_alpha_F1,F1,1000000,30,10000000,kd_tree,sampling,50000000,512,/home/dhy/PhD/Comp-26.2.23/Join-Sampling-2D/run/temp/exp2_sjs_adv_d2/out/A_alpha_F1/A_alpha_F1__F1__n1000000__a30__t10000000__kd_tree__sampling__B50000000__w512,/home/dhy/PhD/Comp-26.2.23/Join-Sampling-2D/run/temp/exp2_sjs_adv_d2/logs/A_alpha_F1__F1__n1000000__a30__t10000000__kd_tree__sampling__B50000000__w512.log
A_alpha_F0__F0__n1000000__a100__t10000000__ours__enum_sampling__B50000000__w512,A_alpha_F0,F0,1000000,100,10000000,ours,enum_sampling,50000000,512,/home/dhy/PhD/Comp-26.2.23/Join-Sampling-2D/run/temp/exp2_sjs_adv_d2/out/A_alpha_F0/A_alpha_F0__F0__n1000000__a100__t10000000__ours__enum_sampling__B50000000__w512,/home/dhy/PhD/Comp-26.2.23/Join-Sampling-2D/run/temp/exp2_sjs_adv_d2/logs/A_alpha_F0__F0__n1000000__a100__t10000000__ours__enum_sampling__B50000000__w512.log
A_alpha_F0__F0__n1000000__a100__t10000000__ours__sampling__B50000000__w512,A_alpha_F0,F0,1000000,100,10000000,ours,sampling,50000000,512,/home/dhy/PhD/Comp-26.2.23/Join-Sampling-2D/run/temp/exp2_sjs_adv_d2/out/A_alpha_F0/A_alpha_F0__F0__n1000000__a100__t10000000__ours__sampling__B50000000__w512,/home/dhy/PhD/Comp-26.2.23/Join-Sampling-2D/run/temp/exp2_sjs_adv_d2/logs/A_alpha_F0__F0__n1000000__a100__t10000000__ours__sampling__B50000000__w512.log
A_alpha_F0__F0__n1000000__a100__t10000000__ours__adaptive__B50000000__w512,A_alpha_F0,F0,1000000,100,10000000,ours,adaptive,50000000,512,/home/dhy/PhD/Comp-26.2.23/Join-Sampling-2D/run/temp/exp2_sjs_adv_d2/out/A_alpha_F0/A_alpha_F0__F0__n1000000__a100__t10000000__ours__adaptive__B50000000__w512,/home/dhy/PhD/Comp-26.2.23/Join-Sampling-2D/run/temp/exp2_sjs_adv_d2/logs/A_alpha_F0__F0__n1000000__a100__t10000000__ours__adaptive__B50000000__w512.log
A_alpha_F0__F0__n1000000__a100__t10000000__range_tree__enum_sampling__B50000000__w512,A_alpha_F0,F0,1000000,100,10000000,range_tree,enum_sampling,50000000,512,/home/dhy/PhD/Comp-26.2.23/Join-Sampling-2D/run/temp/exp2_sjs_adv_d2/out/A_alpha_F0/A_alpha_F0__F0__n1000000__a100__t10000000__range_tree__enum_sampling__B50000000__w512,/home/dhy/PhD/Comp-26.2.23/Join-Sampling-2D/run/temp/exp2_sjs_adv_d2/logs/A_alpha_F0__F0__n1000000__a100__t10000000__range_tree__enum_sampling__B50000000__w512.log
A_alpha_F0__F0__n1000000__a100__t10000000__range_tree__sampling__B50000000__w512,A_alpha_F0,F0,1000000,100,10000000,range_tree,sampling,50000000,512,/home/dhy/PhD/Comp-26.2.23/Join-Sampling-2D/run/temp/exp2_sjs_adv_d2/out/A_alpha_F0/A_alpha_F0__F0__n1000000__a100__t10000000__range_tree__sampling__B50000000__w512,/home/dhy/PhD/Comp-26.2.23/Join-Sampling-2D/run/temp/exp2_sjs_adv_d2/logs/A_alpha_F0__F0__n1000000__a100__t10000000__range_tree__sampling__B50000000__w512.log
A_alpha_F0__F0__n1000000__a100__t10000000__range_tree__adaptive__B50000000__w512,A_alpha_F0,F0,1000000,100,10000000,range_tree,adaptive,50000000,512,/home/dhy/PhD/Comp-26.2.23/Join-Sampling-2D/run/temp/exp2_sjs_adv_d2/out/A_alpha_F0/A_alpha_F0__F0__n1000000__a100__t10000000__range_tree__adaptive__B50000000__w512,/home/dhy/PhD/Comp-26.2.23/Join-Sampling-2D/run/temp/exp2_sjs_adv_d2/logs/A_alpha_F0__F0__n1000000__a100__t10000000__range_tree__adaptive__B50000000__w512.log
A_alpha_F0__F0__n1000000__a100__t10000000__kd_tree__sampling__B50000000__w512,A_alpha_F0,F0,1000000,100,10000000,kd_tree,sampling,50000000,512,/home/dhy/PhD/Comp-26.2.23/Join-Sampling-2D/run/temp/exp2_sjs_adv_d2/out/A_alpha_F0/A_alpha_F0__F0__n1000000__a100__t10000000__kd_tree__sampling__B50000000__w512,/home/dhy/PhD/Comp-26.2.23/Join-Sampling-2D/run/temp/exp2_sjs_adv_d2/logs/A_alpha_F0__F0__n1000000__a100__t10000000__kd_tree__sampling__B50000000__w512.log
A_alpha_F1__F1__n1000000__a100__t10000000__ours__enum_sampling__B50000000__w512,A_alpha_F1,F1,1000000,100,10000000,ours,enum_sampling,50000000,512,/home/dhy/PhD/Comp-26.2.23/Join-Sampling-2D/run/temp/exp2_sjs_adv_d2/out/A_alpha_F1/A_alpha_F1__F1__n1000000__a100__t10000000__ours__enum_sampling__B50000000__w512,/home/dhy/PhD/Comp-26.2.23/Join-Sampling-2D/run/temp/exp2_sjs_adv_d2/logs/A_alpha_F1__F1__n1000000__a100__t10000000__ours__enum_sampling__B50000000__w512.log
A_alpha_F1__F1__n1000000__a100__t10000000__ours__sampling__B50000000__w512,A_alpha_F1,F1,1000000,100,10000000,ours,sampling,50000000,512,/home/dhy/PhD/Comp-26.2.23/Join-Sampling-2D/run/temp/exp2_sjs_adv_d2/out/A_alpha_F1/A_alpha_F1__F1__n1000000__a100__t10000000__ours__sampling__B50000000__w512,/home/dhy/PhD/Comp-26.2.23/Join-Sampling-2D/run/temp/exp2_sjs_adv_d2/logs/A_alpha_F1__F1__n1000000__a100__t10000000__ours__sampling__B50000000__w512.log
A_alpha_F1__F1__n1000000__a100__t10000000__ours__adaptive__B50000000__w512,A_alpha_F1,F1,1000000,100,10000000,ours,adaptive,50000000,512,/home/dhy/PhD/Comp-26.2.23/Join-Sampling-2D/run/temp/exp2_sjs_adv_d2/out/A_alpha_F1/A_alpha_F1__F1__n1000000__a100__t10000000__ours__adaptive__B50000000__w512,/home/dhy/PhD/Comp-26.2.23/Join-Sampling-2D/run/temp/exp2_sjs_adv_d2/logs/A_alpha_F1__F1__n1000000__a100__t10000000__ours__adaptive__B50000000__w512.log
A_alpha_F1__F1__n1000000__a100__t10000000__range_tree__enum_sampling__B50000000__w512,A_alpha_F1,F1,1000000,100,10000000,range_tree,enum_sampling,50000000,512,/home/dhy/PhD/Comp-26.2.23/Join-Sampling-2D/run/temp/exp2_sjs_adv_d2/out/A_alpha_F1/A_alpha_F1__F1__n1000000__a100__t10000000__range_tree__enum_sampling__B50000000__w512,/home/dhy/PhD/Comp-26.2.23/Join-Sampling-2D/run/temp/exp2_sjs_adv_d2/logs/A_alpha_F1__F1__n1000000__a100__t10000000__range_tree__enum_sampling__B50000000__w512.log
A_alpha_F1__F1__n1000000__a100__t10000000__range_tree__sampling__B50000000__w512,A_alpha_F1,F1,1000000,100,10000000,range_tree,sampling,50000000,512,/home/dhy/PhD/Comp-26.2.23/Join-Sampling-2D/run/temp/exp2_sjs_adv_d2/out/A_alpha_F1/A_alpha_F1__F1__n1000000__a100__t10000000__range_tree__sampling__B50000000__w512,/home/dhy/PhD/Comp-26.2.23/Join-Sampling-2D/run/temp/exp2_sjs_adv_d2/logs/A_alpha_F1__F1__n1000000__a100__t10000000__range_tree__sampling__B50000000__w512.log
A_alpha_F1__F1__n1000000__a100__t10000000__range_tree__adaptive__B50000000__w512,A_alpha_F1,F1,1000000,100,10000000,range_tree,adaptive,50000000,512,/home/dhy/PhD/Comp-26.2.23/Join-Sampling-2D/run/temp/exp2_sjs_adv_d2/out/A_alpha_F1/A_alpha_F1__F1__n1000000__a100__t10000000__range_tree__adaptive__B50000000__w512,/home/dhy/PhD/Comp-26.2.23/Join-Sampling-2D/run/temp/exp2_sjs_adv_d2/logs/A_alpha_F1__F1__n1000000__a100__t10000000__range_tree__adaptive__B50000000__w512.log
A_alpha_F1__F1__n1000000__a100__t10000000__kd_tree__sampling__B50000000__w512,A_alpha_F1,F1,1000000,100,10000000,kd_tree,sampling,50000000,512,/home/dhy/PhD/Comp-26.2.23/Join-Sampling-2D/run/temp/exp2_sjs_adv_d2/out/A_alpha_F1/A_alpha_F1__F1__n1000000__a100__t10000000__kd_tree__sampling__B50000000__w512,/home/dhy/PhD/Comp-26.2.23/Join-Sampling-2D/run/temp/exp2_sjs_adv_d2/logs/A_alpha_F1__F1__n1000000__a100__t10000000__kd_tree__sampling__B50000000__w512.log
A_alpha_F0__F0__n1000000__a300__t10000000__ours__enum_sampling__B50000000__w512,A_alpha_F0,F0,1000000,300,10000000,ours,enum_sampling,50000000,512,/home/dhy/PhD/Comp-26.2.23/Join-Sampling-2D/run/temp/exp2_sjs_adv_d2/out/A_alpha_F0/A_alpha_F0__F0__n1000000__a300__t10000000__ours__enum_sampling__B50000000__w512,/home/dhy/PhD/Comp-26.2.23/Join-Sampling-2D/run/temp/exp2_sjs_adv_d2/logs/A_alpha_F0__F0__n1000000__a300__t10000000__ours__enum_sampling__B50000000__w512.log
A_alpha_F0__F0__n1000000__a300__t10000000__ours__sampling__B50000000__w512,A_alpha_F0,F0,1000000,300,10000000,ours,sampling,50000000,512,/home/dhy/PhD/Comp-26.2.23/Join-Sampling-2D/run/temp/exp2_sjs_adv_d2/out/A_alpha_F0/A_alpha_F0__F0__n1000000__a300__t10000000__ours__sampling__B50000000__w512,/home/dhy/PhD/Comp-26.2.23/Join-Sampling-2D/run/temp/exp2_sjs_adv_d2/logs/A_alpha_F0__F0__n1000000__a300__t10000000__ours__sampling__B50000000__w512.log
A_alpha_F0__F0__n1000000__a300__t10000000__ours__adaptive__B50000000__w512,A_alpha_F0,F0,1000000,300,10000000,ours,adaptive,50000000,512,/home/dhy/PhD/Comp-26.2.23/Join-Sampling-2D/run/temp/exp2_sjs_adv_d2/out/A_alpha_F0/A_alpha_F0__F0__n1000000__a300__t10000000__ours__adaptive__B50000000__w512,/home/dhy/PhD/Comp-26.2.23/Join-Sampling-2D/run/temp/exp2_sjs_adv_d2/logs/A_alpha_F0__F0__n1000000__a300__t10000000__ours__adaptive__B50000000__w512.log
A_alpha_F0__F0__n1000000__a300__t10000000__range_tree__enum_sampling__B50000000__w512,A_alpha_F0,F0,1000000,300,10000000,range_tree,enum_sampling,50000000,512,/home/dhy/PhD/Comp-26.2.23/Join-Sampling-2D/run/temp/exp2_sjs_adv_d2/out/A_alpha_F0/A_alpha_F0__F0__n1000000__a300__t10000000__range_tree__enum_sampling__B50000000__w512,/home/dhy/PhD/Comp-26.2.23/Join-Sampling-2D/run/temp/exp2_sjs_adv_d2/logs/A_alpha_F0__F0__n1000000__a300__t10000000__range_tree__enum_sampling__B50000000__w512.log
A_alpha_F0__F0__n1000000__a300__t10000000__range_tree__sampling__B50000000__w512,A_alpha_F0,F0,1000000,300,10000000,range_tree,sampling,50000000,512,/home/dhy/PhD/Comp-26.2.23/Join-Sampling-2D/run/temp/exp2_sjs_adv_d2/out/A_alpha_F0/A_alpha_F0__F0__n1000000__a300__t10000000__range_tree__sampling__B50000000__w512,/home/dhy/PhD/Comp-26.2.23/Join-Sampling-2D/run/temp/exp2_sjs_adv_d2/logs/A_alpha_F0__F0__n1000000__a300__t10000000__range_tree__sampling__B50000000__w512.log
A_alpha_F0__F0__n1000000__a300__t10000000__range_tree__adaptive__B50000000__w512,A_alpha_F0,F0,1000000,300,10000000,range_tree,adaptive,50000000,512,/home/dhy/PhD/Comp-26.2.23/Join-Sampling-2D/run/temp/exp2_sjs_adv_d2/out/A_alpha_F0/A_alpha_F0__F0__n1000000__a300__t10000000__range_tree__adaptive__B50000000__w512,/home/dhy/PhD/Comp-26.2.23/Join-Sampling-2D/run/temp/exp2_sjs_adv_d2/logs/A_alpha_F0__F0__n1000000__a300__t10000000__range_tree__adaptive__B50000000__w512.log
A_alpha_F0__F0__n1000000__a300__t10000000__kd_tree__sampling__B50000000__w512,A_alpha_F0,F0,1000000,300,10000000,kd_tree,sampling,50000000,512,/home/dhy/PhD/Comp-26.2.23/Join-Sampling-2D/run/temp/exp2_sjs_adv_d2/out/A_alpha_F0/A_alpha_F0__F0__n1000000__a300__t10000000__kd_tree__sampling__B50000000__w512,/home/dhy/PhD/Comp-26.2.23/Join-Sampling-2D/run/temp/exp2_sjs_adv_d2/logs/A_alpha_F0__F0__n1000000__a300__t10000000__kd_tree__sampling__B50000000__w512.log
A_alpha_F1__F1__n1000000__a300__t10000000__ours__enum_sampling__B50000000__w512,A_alpha_F1,F1,1000000,300,10000000,ours,enum_sampling,50000000,512,/home/dhy/PhD/Comp-26.2.23/Join-Sampling-2D/run/temp/exp2_sjs_adv_d2/out/A_alpha_F1/A_alpha_F1__F1__n1000000__a300__t10000000__ours__enum_sampling__B50000000__w512,/home/dhy/PhD/Comp-26.2.23/Join-Sampling-2D/run/temp/exp2_sjs_adv_d2/logs/A_alpha_F1__F1__n1000000__a300__t10000000__ours__enum_sampling__B50000000__w512.log
A_alpha_F1__F1__n1000000__a300__t10000000__ours__sampling__B50000000__w512,A_alpha_F1,F1,1000000,300,10000000,ours,sampling,50000000,512,/home/dhy/PhD/Comp-26.2.23/Join-Sampling-2D/run/temp/exp2_sjs_adv_d2/out/A_alpha_F1/A_alpha_F1__F1__n1000000__a300__t10000000__ours__sampling__B50000000__w512,/home/dhy/PhD/Comp-26.2.23/Join-Sampling-2D/run/temp/exp2_sjs_adv_d2/logs/A_alpha_F1__F1__n1000000__a300__t10000000__ours__sampling__B50000000__w512.log
A_alpha_F1__F1__n1000000__a300__t10000000__ours__adaptive__B50000000__w512,A_alpha_F1,F1,1000000,300,10000000,ours,adaptive,50000000,512,/home/dhy/PhD/Comp-26.2.23/Join-Sampling-2D/run/temp/exp2_sjs_adv_d2/out/A_alpha_F1/A_alpha_F1__F1__n1000000__a300__t10000000__ours__adaptive__B50000000__w512,/home/dhy/PhD/Comp-26.2.23/Join-Sampling-2D/run/temp/exp2_sjs_adv_d2/logs/A_alpha_F1__F1__n1000000__a300__t10000000__ours__adaptive__B50000000__w512.log
A_alpha_F1__F1__n1000000__a300__t10000000__range_tree__enum_sampling__B50000000__w512,A_alpha_F1,F1,1000000,300,10000000,range_tree,enum_sampling,50000000,512,/home/dhy/PhD/Comp-26.2.23/Join-Sampling-2D/run/temp/exp2_sjs_adv_d2/out/A_alpha_F1/A_alpha_F1__F1__n1000000__a300__t10000000__range_tree__enum_sampling__B50000000__w512,/home/dhy/PhD/Comp-26.2.23/Join-Sampling-2D/run/temp/exp2_sjs_adv_d2/logs/A_alpha_F1__F1__n1000000__a300__t10000000__range_tree__enum_sampling__B50000000__w512.log
A_alpha_F1__F1__n1000000__a300__t10000000__range_tree__sampling__B50000000__w512,A_alpha_F1,F1,1000000,300,10000000,range_tree,sampling,50000000,512,/home/dhy/PhD/Comp-26.2.23/Join-Sampling-2D/run/temp/exp2_sjs_adv_d2/out/A_alpha_F1/A_alpha_F1__F1__n1000000__a300__t10000000__range_tree__sampling__B50000000__w512,/home/dhy/PhD/Comp-26.2.23/Join-Sampling-2D/run/temp/exp2_sjs_adv_d2/logs/A_alpha_F1__F1__n1000000__a300__t10000000__range_tree__sampling__B50000000__w512.log
A_alpha_F1__F1__n1000000__a300__t10000000__range_tree__adaptive__B50000000__w512,A_alpha_F1,F1,1000000,300,10000000,range_tree,adaptive,50000000,512,/home/dhy/PhD/Comp-26.2.23/Join-Sampling-2D/run/temp/exp2_sjs_adv_d2/out/A_alpha_F1/A_alpha_F1__F1__n1000000__a300__t10000000__range_tree__adaptive__B50000000__w512,/home/dhy/PhD/Comp-26.2.23/Join-Sampling-2D/run/temp/exp2_sjs_adv_d2/logs/A_alpha_F1__F1__n1000000__a300__t10000000__range_tree__adaptive__B50000000__w512.log
A_alpha_F1__F1__n1000000__a300__t10000000__kd_tree__sampling__B50000000__w512,A_alpha_F1,F1,1000000,300,10000000,kd_tree,sampling,50000000,512,/home/dhy/PhD/Comp-26.2.23/Join-Sampling-2D/run/temp/exp2_sjs_adv_d2/out/A_alpha_F1/A_alpha_F1__F1__n1000000__a300__t10000000__kd_tree__sampling__B50000000__w512,/home/dhy/PhD/Comp-26.2.23/Join-Sampling-2D/run/temp/exp2_sjs_adv_d2/logs/A_alpha_F1__F1__n1000000__a300__t10000000__kd_tree__sampling__B50000000__w512.log
A_alpha_F0__F0__n1000000__a1000__t10000000__ours__enum_sampling__B50000000__w512,A_alpha_F0,F0,1000000,1000,10000000,ours,enum_sampling,50000000,512,/home/dhy/PhD/Comp-26.2.23/Join-Sampling-2D/run/temp/exp2_sjs_adv_d2/out/A_alpha_F0/A_alpha_F0__F0__n1000000__a1000__t10000000__ours__enum_sampling__B50000000__w512,/home/dhy/PhD/Comp-26.2.23/Join-Sampling-2D/run/temp/exp2_sjs_adv_d2/logs/A_alpha_F0__F0__n1000000__a1000__t10000000__ours__enum_sampling__B50000000__w512.log
A_alpha_F0__F0__n1000000__a1000__t10000000__ours__sampling__B50000000__w512,A_alpha_F0,F0,1000000,1000,10000000,ours,sampling,50000000,512,/home/dhy/PhD/Comp-26.2.23/Join-Sampling-2D/run/temp/exp2_sjs_adv_d2/out/A_alpha_F0/A_alpha_F0__F0__n1000000__a1000__t10000000__ours__sampling__B50000000__w512,/home/dhy/PhD/Comp-26.2.23/Join-Sampling-2D/run/temp/exp2_sjs_adv_d2/logs/A_alpha_F0__F0__n1000000__a1000__t10000000__ours__sampling__B50000000__w512.log
A_alpha_F0__F0__n1000000__a1000__t10000000__ours__adaptive__B50000000__w512,A_alpha_F0,F0,1000000,1000,10000000,ours,adaptive,50000000,512,/home/dhy/PhD/Comp-26.2.23/Join-Sampling-2D/run/temp/exp2_sjs_adv_d2/out/A_alpha_F0/A_alpha_F0__F0__n1000000__a1000__t10000000__ours__adaptive__B50000000__w512,/home/dhy/PhD/Comp-26.2.23/Join-Sampling-2D/run/temp/exp2_sjs_adv_d2/logs/A_alpha_F0__F0__n1000000__a1000__t10000000__ours__adaptive__B50000000__w512.log
A_alpha_F0__F0__n1000000__a1000__t10000000__range_tree__enum_sampling__B50000000__w512,A_alpha_F0,F0,1000000,1000,10000000,range_tree,enum_sampling,50000000,512,/home/dhy/PhD/Comp-26.2.23/Join-Sampling-2D/run/temp/exp2_sjs_adv_d2/out/A_alpha_F0/A_alpha_F0__F0__n1000000__a1000__t10000000__range_tree__enum_sampling__B50000000__w512,/home/dhy/PhD/Comp-26.2.23/Join-Sampling-2D/run/temp/exp2_sjs_adv_d2/logs/A_alpha_F0__F0__n1000000__a1000__t10000000__range_tree__enum_sampling__B50000000__w512.log
A_alpha_F0__F0__n1000000__a1000__t10000000__range_tree__sampling__B50000000__w512,A_alpha_F0,F0,1000000,1000,10000000,range_tree,sampling,50000000,512,/home/dhy/PhD/Comp-26.2.23/Join-Sampling-2D/run/temp/exp2_sjs_adv_d2/out/A_alpha_F0/A_alpha_F0__F0__n1000000__a1000__t10000000__range_tree__sampling__B50000000__w512,/home/dhy/PhD/Comp-26.2.23/Join-Sampling-2D/run/temp/exp2_sjs_adv_d2/logs/A_alpha_F0__F0__n1000000__a1000__t10000000__range_tree__sampling__B50000000__w512.log
A_alpha_F0__F0__n1000000__a1000__t10000000__range_tree__adaptive__B50000000__w512,A_alpha_F0,F0,1000000,1000,10000000,range_tree,adaptive,50000000,512,/home/dhy/PhD/Comp-26.2.23/Join-Sampling-2D/run/temp/exp2_sjs_adv_d2/out/A_alpha_F0/A_alpha_F0__F0__n1000000__a1000__t10000000__range_tree__adaptive__B50000000__w512,/home/dhy/PhD/Comp-26.2.23/Join-Sampling-2D/run/temp/exp2_sjs_adv_d2/logs/A_alpha_F0__F0__n1000000__a1000__t10000000__range_tree__adaptive__B50000000__w512.log
A_alpha_F0__F0__n1000000__a1000__t10000000__kd_tree__sampling__B50000000__w512,A_alpha_F0,F0,1000000,1000,10000000,kd_tree,sampling,50000000,512,/home/dhy/PhD/Comp-26.2.23/Join-Sampling-2D/run/temp/exp2_sjs_adv_d2/out/A_alpha_F0/A_alpha_F0__F0__n1000000__a1000__t10000000__kd_tree__sampling__B50000000__w512,/home/dhy/PhD/Comp-26.2.23/Join-Sampling-2D/run/temp/exp2_sjs_adv_d2/logs/A_alpha_F0__F0__n1000000__a1000__t10000000__kd_tree__sampling__B50000000__w512.log
A_alpha_F1__F1__n1000000__a1000__t10000000__ours__enum_sampling__B50000000__w512,A_alpha_F1,F1,1000000,1000,10000000,ours,enum_sampling,50000000,512,/home/dhy/PhD/Comp-26.2.23/Join-Sampling-2D/run/temp/exp2_sjs_adv_d2/out/A_alpha_F1/A_alpha_F1__F1__n1000000__a1000__t10000000__ours__enum_sampling__B50000000__w512,/home/dhy/PhD/Comp-26.2.23/Join-Sampling-2D/run/temp/exp2_sjs_adv_d2/logs/A_alpha_F1__F1__n1000000__a1000__t10000000__ours__enum_sampling__B50000000__w512.log
A_alpha_F1__F1__n1000000__a1000__t10000000__ours__sampling__B50000000__w512,A_alpha_F1,F1,1000000,1000,10000000,ours,sampling,50000000,512,/home/dhy/PhD/Comp-26.2.23/Join-Sampling-2D/run/temp/exp2_sjs_adv_d2/out/A_alpha_F1/A_alpha_F1__F1__n1000000__a1000__t10000000__ours__sampling__B50000000__w512,/home/dhy/PhD/Comp-26.2.23/Join-Sampling-2D/run/temp/exp2_sjs_adv_d2/logs/A_alpha_F1__F1__n1000000__a1000__t10000000__ours__sampling__B50000000__w512.log
A_alpha_F1__F1__n1000000__a1000__t10000000__ours__adaptive__B50000000__w512,A_alpha_F1,F1,1000000,1000,10000000,ours,adaptive,50000000,512,/home/dhy/PhD/Comp-26.2.23/Join-Sampling-2D/run/temp/exp2_sjs_adv_d2/out/A_alpha_F1/A_alpha_F1__F1__n1000000__a1000__t10000000__ours__adaptive__B50000000__w512,/home/dhy/PhD/Comp-26.2.23/Join-Sampling-2D/run/temp/exp2_sjs_adv_d2/logs/A_alpha_F1__F1__n1000000__a1000__t10000000__ours__adaptive__B50000000__w512.log
A_alpha_F1__F1__n1000000__a1000__t10000000__range_tree__enum_sampling__B50000000__w512,A_alpha_F1,F1,1000000,1000,10000000,range_tree,enum_sampling,50000000,512,/home/dhy/PhD/Comp-26.2.23/Join-Sampling-2D/run/temp/exp2_sjs_adv_d2/out/A_alpha_F1/A_alpha_F1__F1__n1000000__a1000__t10000000__range_tree__enum_sampling__B50000000__w512,/home/dhy/PhD/Comp-26.2.23/Join-Sampling-2D/run/temp/exp2_sjs_adv_d2/logs/A_alpha_F1__F1__n1000000__a1000__t10000000__range_tree__enum_sampling__B50000000__w512.log
A_alpha_F1__F1__n1000000__a1000__t10000000__range_tree__sampling__B50000000__w512,A_alpha_F1,F1,1000000,1000,10000000,range_tree,sampling,50000000,512,/home/dhy/PhD/Comp-26.2.23/Join-Sampling-2D/run/temp/exp2_sjs_adv_d2/out/A_alpha_F1/A_alpha_F1__F1__n1000000__a1000__t10000000__range_tree__sampling__B50000000__w512,/home/dhy/PhD/Comp-26.2.23/Join-Sampling-2D/run/temp/exp2_sjs_adv_d2/logs/A_alpha_F1__F1__n1000000__a1000__t10000000__range_tree__sampling__B50000000__w512.log
A_alpha_F1__F1__n1000000__a1000__t10000000__range_tree__adaptive__B50000000__w512,A_alpha_F1,F1,1000000,1000,10000000,range_tree,adaptive,50000000,512,/home/dhy/PhD/Comp-26.2.23/Join-Sampling-2D/run/temp/exp2_sjs_adv_d2/out/A_alpha_F1/A_alpha_F1__F1__n1000000__a1000__t10000000__range_tree__adaptive__B50000000__w512,/home/dhy/PhD/Comp-26.2.23/Join-Sampling-2D/run/temp/exp2_sjs_adv_d2/logs/A_alpha_F1__F1__n1000000__a1000__t10000000__range_tree__adaptive__B50000000__w512.log
A_alpha_F1__F1__n1000000__a1000__t10000000__kd_tree__sampling__B50000000__w512,A_alpha_F1,F1,1000000,1000,10000000,kd_tree,sampling,50000000,512,/home/dhy/PhD/Comp-26.2.23/Join-Sampling-2D/run/temp/exp2_sjs_adv_d2/out/A_alpha_F1/A_alpha_F1__F1__n1000000__a1000__t10000000__kd_tree__sampling__B50000000__w512,/home/dhy/PhD/Comp-26.2.23/Join-Sampling-2D/run/temp/exp2_sjs_adv_d2/logs/A_alpha_F1__F1__n1000000__a1000__t10000000__kd_tree__sampling__B50000000__w512.log
