task_id,sweep,family,N,alpha,t,method,variant,j_star,w_small,out_dir,log_file
D_family_F0__F0__n1000000__a200__t10000000__ours__enum_sampling__B50000000__w512,D_family_F0,F0,1000000,200,10000000,ours,enum_sampling,50000000,512,/home/dhy/PhD/Comp-26.2.23/Join-Sampling-2D/run/temp/exp2_sjs_adv_d2/out/D_family_F0/D_family_F0__F0__n1000000__a200__t10000000__ours__enum_sampling__B50000000__w512,/home/dhy/PhD/Comp-26.2.23/Join-Sampling-2D/run/temp/exp2_sjs_adv_d2/logs/D_family_F0__F0__n1000000__a200__t10000000__ours__enum_sampling__B50000000__w512.log
D_family_F0__F0__n1000000__a200__t10000000__ours__sampling__B50000000__w512,D_family_F0,F0,1000000,200,10000000,ours,sampling,50000000,512,/home/dhy/PhD/Comp-26.2.23/Join-Sampling-2D/run/temp/exp2_sjs_adv_d2/out/D_family_F0/D_family_F0__F0__n1000000__a200__t10000000__ours__sampling__B50000000__w512,/home/dhy/PhD/Comp-26.2.23/Join-Sampling-2D/run/temp/exp2_sjs_adv_d2/logs/D_family_F0__F0__n1000000__a200__t10000000__ours__sampling__B50000000__w512.log
D_family_F0__F0__n1000000__a200__t10000000__ours__adaptive__B50000000__w512,D_family_F0,F0,1000000,200,10000000,ours,adaptive,50000000,512,/home/dhy/PhD/Comp-26.2.23/Join-Sampling-2D/run/temp/exp2_sjs_adv_d2/out/D_family_F0/D_family_F0__F0__n1000000__a200__t10000000__ours__adaptive__B50000000__w512,/home/dhy/PhD/Comp-26.2.23/Join-Sampling-2D/run/temp/exp2_sjs_adv_d2/logs/D_family_F0__F0__n1000000__a200__t10000000__ours__adaptive__B50000000__w512.log
D_family_F0__F0__n1000000__a200__t10000000__range_tree__enum_sampling__B50000000__w512,D_family_F0,F0,1000000,200,10000000,range_tree,enum_sampling,50000000,512,/home/dhy/PhD/Comp-26.2.23/Join-Sampling-2D/run/temp/exp2_sjs_adv_d2/out/D_family_F0/D_family_F0__F0__n1000000__a200__t10000000__range_tree__enum_sampling__B50000000__w512,/home/dhy/PhD/Comp-26.2.23/Join-Sampling-2D/run/temp/exp2_sjs_adv_d2/logs/D_family_F0__F0__n1000000__a200__t10000000__range_tree__enum_sampling__B50000000__w512.log
D_family_F0__F0__n1000000__a200__t10000000__range_tree__sampling__B50000000__w512,D_family_F0,F0,1000000,200,10000000,range_tree,sampling,50000000,512,/home/dhy/PhD/Comp-26.2.23/Join-Sampling-2D/run/temp/exp2_sjs_adv_d2/out/D_family_F0/D_family_F0__F0__n1000000__a200__t10000000__range_tree__sampling__B50000000__w512,/home/dhy/PhD/Comp-26.2.23/Join-Sampling-2D/run/temp/exp2_sjs_adv_d2/logs/D_family_F0__F0__n1000000__a200__t10000000__range_tree__sampling__B50000000__w512.log
D_family_F0__F0__n1000000__a200__t10000000__range_tree__adaptive__B50000000__w512,D_family_F0,F0,1000000,200,10000000,range_tree,adaptive,50000000,512,/home/dhy/PhD/Comp-26.2.23/Join-Sampling-2D/run/temp/exp2_sjs_adv_d2/out/D_family_F0/D_family_F0__F0__n1000000__a200__t10000000__range_tree__adaptive__B50000000__w512,/home/dhy/PhD/Comp-26.2.23/Join-Sampling-2D/run/temp/exp2_sjs_adv_d2/logs/D_family_F0__F0__n1000000__a200__t10000000__range_tree__adaptive__B50000000__w512.log
D_family_F0__F0__n1000000__a200__t10000000__kd_tree__sampling__B50000000__w512,D_family_F0,F0,1000000,200,10000000,kd_tree,sampling,50000000,512,/home/dhy/PhD/Comp-26.2.23/Join-Sampling-2D/run/temp/exp2_sjs_adv_d2/out/D_family_F0/D_family_F0__F0__n1000000__a200__t10000000__kd_tree__sampling__B50000000__w512,/home/dhy/PhD/Comp-26.2.23/Join-Sampling-2D/run/temp/exp2_sjs_adv_d2/logs/D_family_F0__F0__n1000000__a200__t10000000__kd_tree__sampling__B50000000__w512.log
D_family_F1__F1__n1000000__a200__t10000000__ours__enum_sampling__B50000000__w512,D_family_F1,F1,1000000,200,10000000,ours,enum_sampling,50000000,512,/home/dhy/PhD/Comp-26.2.23/Join-Sampling-2D/run/temp/exp2_sjs_adv_d2/out/D_family_F1/D_family_F1__F1__n1000000__a200__t10000000__ours__enum_sampling__B50000000__w512,/home/dhy/PhD/Comp-26.2.23/Join-Sampling-2D/run/temp/exp2_sjs_adv_d2/logs/D_family_F1__F1__n1000000__a200__t10000000__ours__enum_sampling__B50000000__w512.log
D_family_F1__F1__n1000000__a200__t10000000__ours__sampling__B50000000__w512,D_family_F1,F1,1000000,200,10000000,ours,sampling,50000000,512,/home/dhy/PhD/Comp-26.2.23/Join-Sampling-2D/run/temp/exp2_sjs_adv_d2/out/D_family_F1/D_family_F1__F1__n1000000__a200__t10000000__ours__sampling__B50000000__w512,/home/dhy/PhD/Comp-26.2.23/Join-Sampling-2D/run/temp/exp2_sjs_adv_d2/logs/D_family_F1__F1__n1000000__a200__t10000000__ours__sampling__B50000000__w512.log
D_family_F1__F1__n1000000__a200__t10000000__ours__adaptive__B50000000__w512,D_family_F1,F1,1000000,200,10000000,ours,adaptive,50000000,512,/home/dhy/PhD/Comp-26.2.23/Join-Sampling-2D/run/temp/exp2_sjs_adv_d2/out/D_family_F1/D_family_F1__F1__n1000000__a200__t10000000__ours__adaptive__B50000000__w512,/home/dhy/PhD/Comp-26.2.23/Join-Sampling-2D/run/temp/exp2_sjs_adv_d2/logs/D_family_F1__F1__n1000000__a200__t10000000__ours__adaptive__B50000000__w512.log
D_family_F1__F1__n1000000__a200__t10000000__range_tree__enum_sampling__B50000000__w512,D_family_F1,F1,1000000,200,10000000,range_tree,enum_sampling,50000000,512,/home/dhy/PhD/Comp-26.2.23/Join-Sampling-2D/run/temp/exp2_sjs_adv_d2/out/D_family_F1/D_family_F1__F1__n1000000__a200__t10000000__range_tree__enum_sampling__B50000000__w512,/home/dhy/PhD/Comp-26.2.23/Join-Sampling-2D/run/temp/exp2_sjs_adv_d2/logs/D_family_F1__F1__n1000000__a200__t10000000__range_tree__enum_sampling__B50000000__w512.log
D_family_F1__F1__n1000000__a200__t10000000__range_tree__sampling__B50000000__w512,D_family_F1,F1,1000000,200,10000000,range_tree,sampling,50000000,512,/home/dhy/PhD/Comp-26.2.23/Join-Sampling-2D/run/temp/exp2_sjs_adv_d2/out/D_family_F1/D_family_F1__F1__n1000000__a200__t10000000__range_tree__sampling__B50000000__w512,/home/dhy/PhD/Comp-26.2.23/Join-Sampling-2D/run/temp/exp2_sjs_adv_d2/logs/D_family_F1__F1__n1000000__a200__t10000000__range_tree__sampling__B50000000__w512.log
D_family_F1__F1__n1000000__a200__t10000000__range_tree__adaptive__B50000000__w512,D_family_F1,F1,1000000,200,10000000,range_tree,adaptive,50000000,512,/home/dhy/PhD/Comp-26.2.23/Join-Sampling-2D/run/temp/exp2_sjs_adv_d2/out/D_family_F1/D_family_F1__F1__n1000000__a200__t10000000__range_tree__adaptive__B50000000__w512,/home/dhy/PhD/Comp-26.2.23/Join-Sampling-2D/run/temp/exp2_sjs_adv_d2/logs/D_family_F1__F1__n1000000__a200__t10000000__range_tree__adaptive__B50000000__w512.log
D_family_F1__F1__n1000000__a200__t10000000__kd_tree__sampling__B50000000__w512,D_family_F1,F1,1000000,200,10000000,kd_tree,sampling,50000000,512,/home/dhy/PhD/Comp-26.2.23/Join-Sampling-2D/run/temp/exp2_sjs_adv_d2/out/D_family_F1/D_family_F1__F1__n1000000__a200__t10000000__kd_tree__sampling__B50000000__w512,/home/dhy/PhD/Comp-26.2.23/Join-Sampling-2D/run/temp/exp2_sjs_adv_d2/logs/D_family_F1__F1__n1000000__a200__t10000000__kd_tree__sampling__B50000000__w512.log
