task_id,sweep,N,alpha,t,method,variant,out_dir,log_file
A_alpha__n1000000__a0p1__t100000__ours__enum_sampling,A_alpha,1000000,0.1,100000,ours,enum_sampling,/home/dhy/PhD/Comp-26.2.23/Join-Sampling-2D/run/temp/exp2_synth_d2/out/A_alpha/A_alpha__n1000000__a0p1__t100000__ours__enum_sampling,/home/dhy/PhD/Comp-26.2.23/Join-Sampling-2D/run/temp/exp2_synth_d2/logs/A_alpha__n1000000__a0p1__t100000__ours__enum_sampling.log
A_alpha__n1000000__a0p1__t100000__ours__sampling,A_alpha,1000000,0.1,100000,ours,sampling,/home/dhy/PhD/Comp-26.2.23/Join-Sampling-2D/run/temp/exp2_synth_d2/out/A_alpha/A_alpha__n1000000__a0p1__t100000__ours__sampling,/home/dhy/PhD/Comp-26.2.23/Join-Sampling-2D/run/temp/exp2_synth_d2/logs/A_alpha__n1000000__a0p1__t100000__ours__sampling.log
A_alpha__n1000000__a0p1__t100000__ours__adaptive,A_alpha,1000000,0.1,100000,ours,adaptive,/home/dhy/PhD/Comp-26.2.23/Join-Sampling-2D/run/temp/exp2_synth_d2/out/A_alpha/A_alpha__n1000000__a0p1__t100000__ours__adaptive,/home/dhy/PhD/Comp-26.2.23/Join-Sampling-2D/run/temp/exp2_synth_d2/logs/A_alpha__n1000000__a0p1__t100000__ours__adaptive.log
A_alpha__n1000000__a0p1__t100000__range_tree__enum_sampling,A_alpha,1000000,0.1,100000,range_tree,enum_sampling,/home/dhy/PhD/Comp-26.2.23/Join-Sampling-2D/run/temp/exp2_synth_d2/out/A_alpha/A_alpha__n1000000__a0p1__t100000__range_tree__enum_sampling,/home/dhy/PhD/Comp-26.2.23/Join-Sampling-2D/run/temp/exp2_synth_d2/logs/A_alpha__n1000000__a0p1__t100000__range_tree__enum_sampling.log
A_alpha__n1000000__a0p1__t100000__range_tree__sampling,A_alpha,1000000,0.1,100000,range_tree,sampling,/home/dhy/PhD/Comp-26.2.23/Join-Sampling-2D/run/temp/exp2_synth_d2/out/A_alpha/A_alpha__n1000000__a0p1__t100000__range_tree__sampling,/home/dhy/PhD/Comp-26.2.23/Join-Sampling-2D/run/temp/exp2_synth_d2/logs/A_alpha__n1000000__a0p1__t100000__range_tree__sampling.log
A_alpha__n1000000__a0p1__t100000__range_tree__adaptive,A_alpha,1000000,0.1,100000,range_tree,adaptive,/home/dhy/PhD/Comp-26.2.23/Join-Sampling-2D/run/temp/exp2_synth_d2/out/A_alpha/A_alpha__n1000000__a0p1__t100000__range_tree__adaptive,/home/dhy/PhD/Comp-26.2.23/Join-Sampling-2D/run/temp/exp2_synth_d2/logs/A_alpha__n1000000__a0p1__t100000__range_tree__adaptive.log
A_alpha__n1000000__a0p1__t100000__kd_tree__sampling,A_alpha,1000000,0.1,100000,kd_tree,sampling,/home/dhy/PhD/Comp-26.2.23/Join-Sampling-2D/run/temp/exp2_synth_d2/out/A_alpha/A_alpha__n1000000__a0p1__t100000__kd_tree__sampling,/home/dhy/PhD/Comp-26.2.23/Join-Sampling-2D/run/temp/exp2_synth_d2/logs/A_alpha__n1000000__a0p1__t100000__kd_tree__sampling.log
A_alpha__n1000000__a0p3__t100000__ours__enum_sampling,A_alpha,1000000,0.3,100000,ours,enum_sampling,/home/dhy/PhD/Comp-26.2.23/Join-Sampling-2D/run/temp/exp2_synth_d2/out/A_alpha/A_alpha__n1000000__a0p3__t100000__ours__enum_sampling,/home/dhy/PhD/Comp-26.2.23/Join-Sampling-2D/run/temp/exp2_synth_d2/logs/A_alpha__n1000000__a0p3__t100000__ours__enum_sampling.log
A_alpha__n1000000__a0p3__t100000__ours__sampling,A_alpha,1000000,0.3,100000,ours,sampling,/home/dhy/PhD/Comp-26.2.23/Join-Sampling-2D/run/temp/exp2_synth_d2/out/A_alpha/A_alpha__n1000000__a0p3__t100000__ours__sampling,/home/dhy/PhD/Comp-26.2.23/Join-Sampling-2D/run/temp/exp2_synth_d2/logs/A_alpha__n1000000__a0p3__t100000__ours__sampling.log
A_alpha__n1000000__a0p3__t100000__ours__adaptive,A_alpha,1000000,0.3,100000,ours,adaptive,/home/dhy/PhD/Comp-26.2.23/Join-Sampling-2D/run/temp/exp2_synth_d2/out/A_alpha/A_alpha__n1000000__a0p3__t100000__ours__adaptive,/home/dhy/PhD/Comp-26.2.23/Join-Sampling-2D/run/temp/exp2_synth_d2/logs/A_alpha__n1000000__a0p3__t100000__ours__adaptive.log
A_alpha__n1000000__a0p3__t100000__range_tree__enum_sampling,A_alpha,1000000,0.3,100000,range_tree,enum_sampling,/home/dhy/PhD/Comp-26.2.23/Join-Sampling-2D/run/temp/exp2_synth_d2/out/A_alpha/A_alpha__n1000000__a0p3__t100000__range_tree__enum_sampling,/home/dhy/PhD/Comp-26.2.23/Join-Sampling-2D/run/temp/exp2_synth_d2/logs/A_alpha__n1000000__a0p3__t100000__range_tree__enum_sampling.log
A_alpha__n1000000__a0p3__t100000__range_tree__sampling,A_alpha,1000000,0.3,100000,range_tree,sampling,/home/dhy/PhD/Comp-26.2.23/Join-Sampling-2D/run/temp/exp2_synth_d2/out/A_alpha/A_alpha__n1000000__a0p3__t100000__range_tree__sampling,/home/dhy/PhD/Comp-26.2.23/Join-Sampling-2D/run/temp/exp2_synth_d2/logs/A_alpha__n1000000__a0p3__t100000__range_tree__sampling.log
A_alpha__n1000000__a0p3__t100000__range_tree__adaptive,A_alpha,1000000,0.3,100000,range_tree,adaptive,/home/dhy/PhD/Comp-26.2.23/Join-Sampling-2D/run/temp/exp2_synth_d2/out/A_alpha/A_alpha__n1000000__a0p3__t100000__range_tree__adaptive,/home/dhy/PhD/Comp-26.2.23/Join-Sampling-2D/run/temp/exp2_synth_d2/logs/A_alpha__n1000000__a0p3__t100000__range_tree__adaptive.log
A_alpha__n1000000__a0p3__t100000__kd_tree__sampling,A_alpha,1000000,0.3,100000,kd_tree,sampling,/home/dhy/PhD/Comp-26.2.23/Join-Sampling-2D/run/temp/exp2_synth_d2/out/A_alpha/A_alpha__n1000000__a0p3__t100000__kd_tree__sampling,/home/dhy/PhD/Comp-26.2.23/Join-Sampling-2D/run/temp/exp2_synth_d2/logs/A_alpha__n1000000__a0p3__t100000__kd_tree__sampling.log
A_alpha__n1000000__a1__t100000__ours__enum_sampling,A_alpha,1000000,1,100000,ours,enum_sampling,/home/dhy/PhD/Comp-26.2.23/Join-Sampling-2D/run/temp/exp2_synth_d2/out/A_alpha/A_alpha__n1000000__a1__t100000__ours__enum_sampling,/home/dhy/PhD/Comp-26.2.23/Join-Sampling-2D/run/temp/exp2_synth_d2/logs/A_alpha__n1000000__a1__t100000__ours__enum_sampling.log
A_alpha__n1000000__a1__t100000__ours__sampling,A_alpha,1000000,1,100000,ours,sampling,/home/dhy/PhD/Comp-26.2.23/Join-Sampling-2D/run/temp/exp2_synth_d2/out/A_alpha/A_alpha__n1000000__a1__t100000__ours__sampling,/home/dhy/PhD/Comp-26.2.23/Join-Sampling-2D/run/temp/exp2_synth_d2/logs/A_alpha__n1000000__a1__t100000__ours__sampling.log
A_alpha__n1000000__a1__t100000__ours__adaptive,A_alpha,1000000,1,100000,ours,adaptive,/home/dhy/PhD/Comp-26.2.23/Join-Sampling-2D/run/temp/exp2_synth_d2/out/A_alpha/A_alpha__n1000000__a1__t100000__ours__adaptive,/home/dhy/PhD/Comp-26.2.23/Join-Sampling-2D/run/temp/exp2_synth_d2/logs/A_alpha__n1000000__a1__t100000__ours__adaptive.log
A_alpha__n1000000__a1__t100000__range_tree__enum_sampling,A_alpha,1000000,1,100000,range_tree,enum_sampling,/home/dhy/PhD/Comp-26.2.23/Join-Sampling-2D/run/temp/exp2_synth_d2/out/A_alpha/A_alpha__n1000000__a1__t100000__range_tree__enum_sampling,/home/dhy/PhD/Comp-26.2.23/Join-Sampling-2D/run/temp/exp2_synth_d2/logs/A_alpha__n1000000__a1__t100000__range_tree__enum_sampling.log
A_alpha__n1000000__a1__t100000__range_tree__sampling,A_alpha,1000000,1,100000,range_tree,sampling,/home/dhy/PhD/Comp-26.2.23/Join-Sampling-2D/run/temp/exp2_synth_d2/out/A_alpha/A_alpha__n1000000__a1__t100000__range_tree__sampling,/home/dhy/PhD/Comp-26.2.23/Join-Sampling-2D/run/temp/exp2_synth_d2/logs/A_alpha__n1000000__a1__t100000__range_tree__sampling.log
A_alpha__n1000000__a1__t100000__range_tree__adaptive,A_alpha,1000000,1,100000,range_tree,adaptive,/home/dhy/PhD/Comp-26.2.23/Join-Sampling-2D/run/temp/exp2_synth_d2/out/A_alpha/A_alpha__n1000000__a1__t100000__range_tree__adaptive,/home/dhy/PhD/Comp-26.2.23/Join-Sampling-2D/run/temp/exp2_synth_d2/logs/A_alpha__n1000000__a1__t100000__range_tree__adaptive.log
A_alpha__n1000000__a1__t100000__kd_tree__sampling,A_alpha,1000000,1,100000,kd_tree,sampling,/home/dhy/PhD/Comp-26.2.23/Join-Sampling-2D/run/temp/exp2_synth_d2/out/A_alpha/A_alpha__n1000000__a1__t100000__kd_tree__sampling,/home/dhy/PhD/Comp-26.2.23/Join-Sampling-2D/run/temp/exp2_synth_d2/logs/A_alpha__n1000000__a1__t100000__kd_tree__sampling.log
A_alpha__n1000000__a3__t100000__ours__enum_sampling,A_alpha,1000000,3,100000,ours,enum_sampling,/home/dhy/PhD/Comp-26.2.23/Join-Sampling-2D/run/temp/exp2_synth_d2/out/A_alpha/A_alpha__n1000000__a3__t100000__ours__enum_sampling,/home/dhy/PhD/Comp-26.2.23/Join-Sampling-2D/run/temp/exp2_synth_d2/logs/A_alpha__n1000000__a3__t100000__ours__enum_sampling.log
A_alpha__n1000000__a3__t100000__ours__sampling,A_alpha,1000000,3,100000,ours,sampling,/home/dhy/PhD/Comp-26.2.23/Join-Sampling-2D/run/temp/exp2_synth_d2/out/A_alpha/A_alpha__n1000000__a3__t100000__ours__sampling,/home/dhy/PhD/Comp-26.2.23/Join-Sampling-2D/run/temp/exp2_synth_d2/logs/A_alpha__n1000000__a3__t100000__ours__sampling.log
A_alpha__n1000000__a3__t100000__ours__adaptive,A_alpha,1000000,3,100000,ours,adaptive,/home/dhy/PhD/Comp-26.2.23/Join-Sampling-2D/run/temp/exp2_synth_d2/out/A_alpha/A_alpha__n1000000__a3__t100000__ours__adaptive,/home/dhy/PhD/Comp-26.2.23/Join-Sampling-2D/run/temp/exp2_synth_d2/logs/A_alpha__n1000000__a3__t100000__ours__adaptive.log
A_alpha__n1000000__a3__t100000__range_tree__enum_sampling,A_alpha,1000000,3,100000,range_tree,enum_sampling,/home/dhy/PhD/Comp-26.2.23/Join-Sampling-2D/run/temp/exp2_synth_d2/out/A_alpha/A_alpha__n1000000__a3__t100000__range_tree__enum_sampling,/home/dhy/PhD/Comp-26.2.23/Join-Sampling-2D/run/temp/exp2_synth_d2/logs/A_alpha__n1000000__a3__t100000__range_tree__enum_sampling.log
A_alpha__n1000000__a3__t100000__range_tree__sampling,A_alpha,1000000,3,100000,range_tree,sampling,/home/dhy/PhD/Comp-26.2.23/Join-Sampling-2D/run/temp/exp2_synth_d2/out/A_alpha/A_alpha__n1000000__a3__t100000__range_tree__sampling,/home/dhy/PhD/Comp-26.2.23/Join-Sampling-2D/run/temp/exp2_synth_d2/logs/A_alpha__n1000000__a3__t100000__range_tree__sampling.log
A_alpha__n1000000__a3__t100000__range_tree__adaptive,A_alpha,1000000,3,100000,range_tree,adaptive,/home/dhy/PhD/Comp-26.2.23/Join-Sampling-2D/run/temp/exp2_synth_d2/out/A_alpha/A_alpha__n1000000__a3__t100000__range_tree__adaptive,/home/dhy/PhD/Comp-26.2.23/Join-Sampling-2D/run/temp/exp2_synth_d2/logs/A_alpha__n1000000__a3__t100000__range_tree__adaptive.log
A_alpha__n1000000__a3__t100000__kd_tree__sampling,A_alpha,1000000,3,100000,kd_tree,sampling,/home/dhy/PhD/Comp-26.2.23/Join-Sampling-2D/run/temp/exp2_synth_d2/out/A_alpha/A_alpha__n1000000__a3__t100000__kd_tree__sampling,/home/dhy/PhD/Comp-26.2.23/Join-Sampling-2D/run/temp/exp2_synth_d2/logs/A_alpha__n1000000__a3__t100000__kd_tree__sampling.log
A_alpha__n1000000__a10__t100000__ours__enum_sampling,A_alpha,1000000,10,100000,ours,enum_sampling,/home/dhy/PhD/Comp-26.2.23/Join-Sampling-2D/run/temp/exp2_synth_d2/out/A_alpha/A_alpha__n1000000__a10__t100000__ours__enum_sampling,/home/dhy/PhD/Comp-26.2.23/Join-Sampling-2D/run/temp/exp2_synth_d2/logs/A_alpha__n1000000__a10__t100000__ours__enum_sampling.log
A_alpha__n1000000__a10__t100000__ours__sampling,A_alpha,1000000,10,100000,ours,sampling,/home/dhy/PhD/Comp-26.2.23/Join-Sampling-2D/run/temp/exp2_synth_d2/out/A_alpha/A_alpha__n1000000__a10__t100000__ours__sampling,/home/dhy/PhD/Comp-26.2.23/Join-Sampling-2D/run/temp/exp2_synth_d2/logs/A_alpha__n1000000__a10__t100000__ours__sampling.log
A_alpha__n1000000__a10__t100000__ours__adaptive,A_alpha,1000000,10,100000,ours,adaptive,/home/dhy/PhD/Comp-26.2.23/Join-Sampling-2D/run/temp/exp2_synth_d2/out/A_alpha/A_alpha__n1000000__a10__t100000__ours__adaptive,/home/dhy/PhD/Comp-26.2.23/Join-Sampling-2D/run/temp/exp2_synth_d2/logs/A_alpha__n1000000__a10__t100000__ours__adaptive.log
A_alpha__n1000000__a10__t100000__range_tree__enum_sampling,A_alpha,1000000,10,100000,range_tree,enum_sampling,/home/dhy/PhD/Comp-26.2.23/Join-Sampling-2D/run/temp/exp2_synth_d2/out/A_alpha/A_alpha__n1000000__a10__t100000__range_tree__enum_sampling,/home/dhy/PhD/Comp-26.2.23/Join-Sampling-2D/run/temp/exp2_synth_d2/logs/A_alpha__n1000000__a10__t100000__range_tree__enum_sampling.log
A_alpha__n1000000__a10__t100000__range_tree__sampling,A_alpha,1000000,10,100000,range_tree,sampling,/home/dhy/PhD/Comp-26.2.23/Join-Sampling-2D/run/temp/exp2_synth_d2/out/A_alpha/A_alpha__n1000000__a10__t100000__range_tree__sampling,/home/dhy/PhD/Comp-26.2.23/Join-Sampling-2D/run/temp/exp2_synth_d2/logs/A_alpha__n1000000__a10__t100000__range_tree__sampling.log
A_alpha__n1000000__a10__t100000__range_tree__adaptive,A_alpha,1000000,10,100000,range_tree,adaptive,/home/dhy/PhD/Comp-26.2.23/Join-Sampling-2D/run/temp/exp2_synth_d2/out/A_alpha/A_alpha__n1000000__a10__t100000__range_tree__adaptive,/home/dhy/PhD/Comp-26.2.23/Join-Sampling-2D/run/temp/exp2_synth_d2/logs/A_alpha__n1000000__a10__t100000__range_tree__adaptive.log
A_alpha__n1000000__a10__t100000__kd_tree__sampling,A_alpha,1000000,10,100000,kd_tree,sampling,/home/dhy/PhD/Comp-26.2.23/Join-Sampling-2D/run/temp/exp2_synth_d2/out/A_alpha/A_alpha__n1000000__a10__t100000__kd_tree__sampling,/home/dhy/PhD/Comp-26.2.23/Join-Sampling-2D/run/temp/exp2_synth_d2/logs/A_alpha__n1000000__a10__t100000__kd_tree__sampling.log
A_alpha__n1000000__a30__t100000__ours__enum_sampling,A_alpha,1000000,30,100000,ours,enum_sampling,/home/dhy/PhD/Comp-26.2.23/Join-Sampling-2D/run/temp/exp2_synth_d2/out/A_alpha/A_alpha__n1000000__a30__t100000__ours__enum_sampling,/home/dhy/PhD/Comp-26.2.23/Join-Sampling-2D/run/temp/exp2_synth_d2/logs/A_alpha__n1000000__a30__t100000__ours__enum_sampling.log
A_alpha__n1000000__a30__t100000__ours__sampling,A_alpha,1000000,30,100000,ours,sampling,/home/dhy/PhD/Comp-26.2.23/Join-Sampling-2D/run/temp/exp2_synth_d2/out/A_alpha/A_alpha__n1000000__a30__t100000__ours__sampling,/home/dhy/PhD/Comp-26.2.23/Join-Sampling-2D/run/temp/exp2_synth_d2/logs/A_alpha__n1000000__a30__t100000__ours__sampling.log
A_alpha__n1000000__a30__t100000__ours__adaptive,A_alpha,1000000,30,100000,ours,adaptive,/home/dhy/PhD/Comp-26.2.23/Join-Sampling-2D/run/temp/exp2_synth_d2/out/A_alpha/A_alpha__n1000000__a30__t100000__ours__adaptive,/home/dhy/PhD/Comp-26.2.23/Join-Sampling-2D/run/temp/exp2_synth_d2/logs/A_alpha__n1000000__a30__t100000__ours__adaptive.log
A_alpha__n1000000__a30__t100000__range_tree__enum_sampling,A_alpha,1000000,30,100000,range_tree,enum_sampling,/home/dhy/PhD/Comp-26.2.23/Join-Sampling-2D/run/temp/exp2_synth_d2/out/A_alpha/A_alpha__n1000000__a30__t100000__range_tree__enum_sampling,/home/dhy/PhD/Comp-26.2.23/Join-Sampling-2D/run/temp/exp2_synth_d2/logs/A_alpha__n1000000__a30__t100000__range_tree__enum_sampling.log
A_alpha__n1000000__a30__t100000__range_tree__sampling,A_alpha,1000000,30,100000,range_tree,sampling,/home/dhy/PhD/Comp-26.2.23/Join-Sampling-2D/run/temp/exp2_synth_d2/out/A_alpha/A_alpha__n1000000__a30__t100000__range_tree__sampling,/home/dhy/PhD/Comp-26.2.23/Join-Sampling-2D/run/temp/exp2_synth_d2/logs/A_alpha__n1000000__a30__t100000__range_tree__sampling.log
A_alpha__n1000000__a30__t100000__range_tree__adaptive,A_alpha,1000000,30,100000,range_tree,adaptive,/home/dhy/PhD/Comp-26.2.23/Join-Sampling-2D/run/temp/exp2_synth_d2/out/A_alpha/A_alpha__n1000000__a30__t100000__range_tree__adaptive,/home/dhy/PhD/Comp-26.2.23/Join-Sampling-2D/run/temp/exp2_synth_d2/logs/A_alpha__n1000000__a30__t100000__range_tree__adaptive.log
A_alpha__n1000000__a30__t100000__kd_tree__sampling,A_alpha,1000000,30,100000,kd_tree,sampling,/home/dhy/PhD/Comp-26.2.23/Join-Sampling-2D/run/temp/exp2_synth_d2/out/A_alpha/A_alpha__n1000000__a30__t100000__kd_tree__sampling,/home/dhy/PhD/Comp-26.2.23/Join-Sampling-2D/run/temp/exp2_synth_d2/logs/A_alpha__n1000000__a30__t100000__kd_tree__sampling.log
A_alpha__n1000000__a100__t100000__ours__enum_sampling,A_alpha,1000000,100,100000,ours,enum_sampling,/home/dhy/PhD/Comp-26.2.23/Join-Sampling-2D/run/temp/exp2_synth_d2/out/A_alpha/A_alpha__n1000000__a100__t100000__ours__enum_sampling,/home/dhy/PhD/Comp-26.2.23/Join-Sampling-2D/run/temp/exp2_synth_d2/logs/A_alpha__n1000000__a100__t100000__ours__enum_sampling.log
A_alpha__n1000000__a100__t100000__ours__sampling,A_alpha,1000000,100,100000,ours,sampling,/home/dhy/PhD/Comp-26.2.23/Join-Sampling-2D/run/temp/exp2_synth_d2/out/A_alpha/A_alpha__n1000000__a100__t100000__ours__sampling,/home/dhy/PhD/Comp-26.2.23/Join-Sampling-2D/run/temp/exp2_synth_d2/logs/A_alpha__n1000000__a100__t100000__ours__sampling.log
A_alpha__n1000000__a100__t100000__ours__adaptive,A_alpha,1000000,100,100000,ours,adaptive,/home/dhy/PhD/Comp-26.2.23/Join-Sampling-2D/run/temp/exp2_synth_d2/out/A_alpha/A_alpha__n1000000__a100__t100000__ours__adaptive,/home/dhy/PhD/Comp-26.2.23/Join-Sampling-2D/run/temp/exp2_synth_d2/logs/A_alpha__n1000000__a100__t100000__ours__adaptive.log
A_alpha__n1000000__a100__t100000__range_tree__enum_sampling,A_alpha,1000000,100,100000,range_tree,enum_sampling,/home/dhy/PhD/Comp-26.2.23/Join-Sampling-2D/run/temp/exp2_synth_d2/out/A_alpha/A_alpha__n1000000__a100__t100000__range_tree__enum_sampling,/home/dhy/PhD/Comp-26.2.23/Join-Sampling-2D/run/temp/exp2_synth_d2/logs/A_alpha__n1000000__a100__t100000__range_tree__enum_sampling.log
A_alpha__n1000000__a100__t100000__range_tree__sampling,A_alpha,1000000,100,100000,range_tree,sampling,/home/dhy/PhD/Comp-26.2.23/Join-Sampling-2D/run/temp/exp2_synth_d2/out/A_alpha/A_alpha__n1000000__a100__t100000__range_tree__sampling,/home/dhy/PhD/Comp-26.2.23/Join-Sampling-2D/run/temp/exp2_synth_d2/logs/A_alpha__n1000000__a100__t100000__range_tree__sampling.log
A_alpha__n1000000__a100__t100000__range_tree__adaptive,A_alpha,1000000,100,100000,range_tree,adaptive,/home/dhy/PhD/Comp-26.2.23/Join-Sampling-2D/run/temp/exp2_synth_d2/out/A_alpha/A_alpha__n1000000__a100__t100000__range_tree__adaptive,/home/dhy/PhD/Comp-26.2.23/Join-Sampling-2D/run/temp/exp2_synth_d2/logs/A_alpha__n1000000__a100__t100000__range_tree__adaptive.log
A_alpha__n1000000__a100__t100000__kd_tree__sampling,A_alpha,1000000,100,100000,kd_tree,sampling,/home/dhy/PhD/Comp-26.2.23/Join-Sampling-2D/run/temp/exp2_synth_d2/out/A_alpha/A_alpha__n1000000__a100__t100000__kd_tree__sampling,/home/dhy/PhD/Comp-26.2.23/Join-Sampling-2D/run/temp/exp2_synth_d2/logs/A_alpha__n1000000__a100__t100000__kd_tree__sampling.log
A_alpha__n1000000__a300__t100000__ours__enum_sampling,A_alpha,1000000,300,100000,ours,enum_sampling,/home/dhy/PhD/Comp-26.2.23/Join-Sampling-2D/run/temp/exp2_synth_d2/out/A_alpha/A_alpha__n1000000__a300__t100000__ours__enum_sampling,/home/dhy/PhD/Comp-26.2.23/Join-Sampling-2D/run/temp/exp2_synth_d2/logs/A_alpha__n1000000__a300__t100000__ours__enum_sampling.log
A_alpha__n1000000__a300__t100000__ours__sampling,A_alpha,1000000,300,100000,ours,sampling,/home/dhy/PhD/Comp-26.2.23/Join-Sampling-2D/run/temp/exp2_synth_d2/out/A_alpha/A_alpha__n1000000__a300__t100000__ours__sampling,/home/dhy/PhD/Comp-26.2.23/Join-Sampling-2D/run/temp/exp2_synth_d2/logs/A_alpha__n1000000__a300__t100000__ours__sampling.log
A_alpha__n1000000__a300__t100000__ours__adaptive,A_alpha,1000000,300,100000,ours,adaptive,/home/dhy/PhD/Comp-26.2.23/Join-Sampling-2D/run/temp/exp2_synth_d2/out/A_alpha/A_alpha__n1000000__a300__t100000__ours__adaptive,/home/dhy/PhD/Comp-26.2.23/Join-Sampling-2D/run/temp/exp2_synth_d2/logs/A_alpha__n1000000__a300__t100000__ours__adaptive.log
A_alpha__n1000000__a300__t100000__range_tree__enum_sampling,A_alpha,1000000,300,100000,range_tree,enum_sampling,/home/dhy/PhD/Comp-26.2.23/Join-Sampling-2D/run/temp/exp2_synth_d2/out/A_alpha/A_alpha__n1000000__a300__t100000__range_tree__enum_sampling,/home/dhy/PhD/Comp-26.2.23/Join-Sampling-2D/run/temp/exp2_synth_d2/logs/A_alpha__n1000000__a300__t100000__range_tree__enum_sampling.log
A_alpha__n1000000__a300__t100000__range_tree__sampling,A_alpha,1000000,300,100000,range_tree,sampling,/home/dhy/PhD/Comp-26.2.23/Join-Sampling-2D/run/temp/exp2_synth_d2/out/A_alpha/A_alpha__n1000000__a300__t100000__range_tree__sampling,/home/dhy/PhD/Comp-26.2.23/Join-Sampling-2D/run/temp/exp2_synth_d2/logs/A_alpha__n1000000__a300__t100000__range_tree__sampling.log
A_alpha__n1000000__a300__t100000__range_tree__adaptive,A_alpha,1000000,300,100000,range_tree,adaptive,/home/dhy/PhD/Comp-26.2.23/Join-Sampling-2D/run/temp/exp2_synth_d2/out/A_alpha/A_alpha__n1000000__a300__t100000__range_tree__adaptive,/home/dhy/PhD/Comp-26.2.23/Join-Sampling-2D/run/temp/exp2_synth_d2/logs/A_alpha__n1000000__a300__t100000__range_tree__adaptive.log
A_alpha__n1000000__a300__t100000__kd_tree__sampling,A_alpha,1000000,300,100000,kd_tree,sampling,/home/dhy/PhD/Comp-26.2.23/Join-Sampling-2D/run/temp/exp2_synth_d2/out/A_alpha/A_alpha__n1000000__a300__t100000__kd_tree__sampling,/home/dhy/PhD/Comp-26.2.23/Join-Sampling-2D/run/temp/exp2_synth_d2/logs/A_alpha__n1000000__a300__t100000__kd_tree__sampling.log
A_alpha__n1000000__a1000__t100000__ours__enum_sampling,A_alpha,1000000,1000,100000,ours,enum_sampling,/home/dhy/PhD/Comp-26.2.23/Join-Sampling-2D/run/temp/exp2_synth_d2/out/A_alpha/A_alpha__n1000000__a1000__t100000__ours__enum_sampling,/home/dhy/PhD/Comp-26.2.23/Join-Sampling-2D/run/temp/exp2_synth_d2/logs/A_alpha__n1000000__a1000__t100000__ours__enum_sampling.log
A_alpha__n1000000__a1000__t100000__ours__sampling,A_alpha,1000000,1000,100000,ours,sampling,/home/dhy/PhD/Comp-26.2.23/Join-Sampling-2D/run/temp/exp2_synth_d2/out/A_alpha/A_alpha__n1000000__a1000__t100000__ours__sampling,/home/dhy/PhD/Comp-26.2.23/Join-Sampling-2D/run/temp/exp2_synth_d2/logs/A_alpha__n1000000__a1000__t100000__ours__sampling.log
A_alpha__n1000000__a1000__t100000__ours__adaptive,A_alpha,1000000,1000,100000,ours,adaptive,/home/dhy/PhD/Comp-26.2.23/Join-Sampling-2D/run/temp/exp2_synth_d2/out/A_alpha/A_alpha__n1000000__a1000__t100000__ours__adaptive,/home/dhy/PhD/Comp-26.2.23/Join-Sampling-2D/run/temp/exp2_synth_d2/logs/A_alpha__n1000000__a1000__t100000__ours__adaptive.log
A_alpha__n1000000__a1000__t100000__range_tree__enum_sampling,A_alpha,1000000,1000,100000,range_tree,enum_sampling,/home/dhy/PhD/Comp-26.2.23/Join-Sampling-2D/run/temp/exp2_synth_d2/out/A_alpha/A_alpha__n1000000__a1000__t100000__range_tree__enum_sampling,/home/dhy/PhD/Comp-26.2.23/Join-Sampling-2D/run/temp/exp2_synth_d2/logs/A_alpha__n1000000__a1000__t100000__range_tree__enum_sampling.log
A_alpha__n1000000__a1000__t100000__range_tree__sampling,A_alpha,1000000,1000,100000,range_tree,sampling,/home/dhy/PhD/Comp-26.2.23/Join-Sampling-2D/run/temp/exp2_synth_d2/out/A_alpha/A_alpha__n1000000__a1000__t100000__range_tree__sampling,/home/dhy/PhD/Comp-26.2.23/Join-Sampling-2D/run/temp/exp2_synth_d2/logs/A_alpha__n1000000__a1000__t100000__range_tree__sampling.log
A_alpha__n1000000__a1000__t100000__range_tree__adaptive,A_alpha,1000000,1000,100000,range_tree,adaptive,/home/dhy/PhD/Comp-26.2.23/Join-Sampling-2D/run/temp/exp2_synth_d2/out/A_alpha/A_alpha__n1000000__a1000__t100000__range_tree__adaptive,/home/dhy/PhD/Comp-26.2.23/Join-Sampling-2D/run/temp/exp2_synth_d2/logs/A_alpha__n1000000__a1000__t100000__range_tree__adaptive.log
A_alpha__n1000000__a1000__t100000__kd_tree__sampling,A_alpha,1000000,1000,100000,kd_tree,sampling,/home/dhy/PhD/Comp-26.2.23/Join-Sampling-2D/run/temp/exp2_synth_d2/out/A_alpha/A_alpha__n1000000__a1000__t100000__kd_tree__sampling,/home/dhy/PhD/Comp-26.2.23/Join-Sampling-2D/run/temp/exp2_synth_d2/logs/A_alpha__n1000000__a1000__t100000__kd_tree__sampling.log
